										
										
										
pollster	date	sampleSiz	dvalue	rvalue	finalD	finalR	year	winner	type	
RCP Average	10/13 - 11/3	None	49.7	42.4	53.3	44.9	2018	D	congressional	
NBC News/Wall St. Jrnl	11/1 - 11/3	774 LV	50	43	53.3	44.9	2018	D	congressional	
CNN	11/1 - 11/3	1151 LV	55	42	53.3	44.9	2018	D	congressional	
ABC News/Wash Post	10/29 - 11/1	737 LV	52	44	53.3	44.9	2018	D	congressional	
Rasmussen Reports	10/28 - 11/1	2500 LV	45	46	53.3	44.9	2018	D	congressional	
IBD/TIPP	10/25 - 11/3	798 LV	50	41	53.3	44.9	2018	D	congressional	
Economist/YouGov	10/28 - 10/30	1296 RV	47	42	53.3	44.9	2018	D	congressional	
NPR/PBS/Marist	10/28 - 10/29	509 LV	52	43	53.3	44.9	2018	D	congressional	
Harvard-Harris	10/26 - 10/28	1835 RV	47	38	53.3	44.9	2018	D	congressional	
Reuters/Ipsos	10/24 - 10/30	1383 LV	49	42	53.3	44.9	2018	D	congressional	
Rasmussen Reports	10/21 - 10/25	2500 LV	47	44	53.3	44.9	2018	D	congressional	
Economist/YouGov	10/21 - 10/23	1233 RV	47	41	53.3	44.9	2018	D	congressional	
NPR/PBS/Marist	10/21 - 10/23	738 RV	50	40	53.3	44.9	2018	D	congressional	
Reuters/Ipsos	10/17 - 10/23	2062 LV	49	42	53.3	44.9	2018	D	congressional	
USA Today/Suffolk	10/18 - 10/22	1000 LV	51	43	53.3	44.9	2018	D	congressional	
Rasmussen Reports	10/14 - 10/18	2500 LV	47	44	53.3	44.9	2018	D	congressional	
NBC News/Wall St. Jrnl	10/14 - 10/17	645 LV	50	41	53.3	44.9	2018	D	congressional	
Economist/YouGov	10/14 - 10/16	1273 RV	46	41	53.3	44.9	2018	D	congressional	
FOX News	10/13 - 10/16	841 LV	49	42	53.3	44.9	2018	D	congressional	
Reuters/Ipsos	10/10 - 10/16	1194 LV	51	40	53.3	44.9	2018	D	congressional	
ABC News/Wash Post	10/8 - 10/11	991 RV	53	42	53.3	44.9	2018	D	congressional	
Rasmussen Reports	10/7 - 10/11	2500 LV	45	44	53.3	44.9	2018	D	congressional	
Economist/YouGov	10/7 - 10/9	1162 RV	47	41	53.3	44.9	2018	D	congressional	
Reuters/Ipsos	10/3 - 10/9	2012 LV	50	38	53.3	44.9	2018	D	congressional	
CNBC	10/4 - 10/7	800 A	42	36	53.3	44.9	2018	D	congressional	
CNN	10/4 - 10/7	739 LV	54	41	53.3	44.9	2018	D	congressional	
Emerson	10/1 - 10/4	1000 RV	50	42	53.3	44.9	2018	D	congressional	
Rasmussen Reports	9/30 - 10/4	2500 LV	45	45	53.3	44.9	2018	D	congressional	
Economist/YouGov	9/30 - 10/2	1227 RV	45	40	53.3	44.9	2018	D	congressional	
NPR/PBS/Marist	10/1 - 10/1	996 RV	48	42	53.3	44.9	2018	D	congressional	
IBD/TIPP	9/27 - 10/3	846 RV	45	43	53.3	44.9	2018	D	congressional	
Reuters/Ipsos	9/26 - 10/2	1840 LV	50	38	53.3	44.9	2018	D	congressional	
Harvard-Harris	9/29 - 9/30	1330 RV	45	37	53.3	44.9	2018	D	congressional	
Quinnipiac	9/27 - 9/30	1111 RV	49	42	53.3	44.9	2018	D	congressional	
Rasmussen Reports	9/23 - 9/27	2500 LV	47	42	53.3	44.9	2018	D	congressional	
Harvard-Harris	9/26 - 9/27	1228 RV	45	36	53.3	44.9	2018	D	congressional	
Economist/YouGov	9/23 - 9/25	1238 RV	46	38	53.3	44.9	2018	D	congressional	
NPR/PBS/Marist	9/22 - 9/24	802 RV	48	41	53.3	44.9	2018	D	congressional	
Reuters/Ipsos	9/19 - 9/25	1425 LV	48	41	53.3	44.9	2018	D	congressional	
Pew Research	9/18 - 9/24	1439 RV	52	42	53.3	44.9	2018	D	congressional	
Gallup	9/17 - 9/23	1308 RV	51	42	53.3	44.9	2018	D	congressional	
Rasmussen Reports	9/16 - 9/20	2500 LV	46	43	53.3	44.9	2018	D	congressional	
FOX News	9/16 - 9/19	818 LV	49	42	53.3	44.9	2018	D	congressional	
NBC News/Wall St. Jrnl	9/16 - 9/19	594 LV	51	43	53.3	44.9	2018	D	congressional	
Economist/YouGov	9/16 - 9/18	1195 RV	45	41	53.3	44.9	2018	D	congressional	
Reuters/Ipsos	9/12 - 9/18	1304 LV	48	41	53.3	44.9	2018	D	congressional	
Rasmussen Reports	9/9 - 9/13	2500 LV	47	42	53.3	44.9	2018	D	congressional	
Economist/YouGov	9/9 - 9/11	1220 RV	44	41	53.3	44.9	2018	D	congressional	
Reuters/Ipsos	9/5 - 9/11	1226 LV	49	41	53.3	44.9	2018	D	congressional	
Quinnipiac	9/6 - 9/9	1038 RV	52	38	53.3	44.9	2018	D	congressional	
CNN	9/6 - 9/9	775 LV	52	42	53.3	44.9	2018	D	congressional	
NPR/Marist	9/5 - 9/9	777 RV	50	38	53.3	44.9	2018	D	congressional	
Rasmussen Reports	9/2 - 9/6	2500 LV	46	42	53.3	44.9	2018	D	congressional	
Economist/YouGov	9/2 - 9/4	1254 RV	45	40	53.3	44.9	2018	D	congressional	
Reuters/Ipsos	8/29 - 9/4	2012 RV	44	35	53.3	44.9	2018	D	congressional	
Grinnell/Selzer	8/29 - 9/2	779 LV	45	43	53.3	44.9	2018	D	congressional	
Emerson	8/29 - 8/31	1000 RV	52	39	53.3	44.9	2018	D	congressional	
Rasmussen Reports	8/26 - 8/30	2500 LV	46	42	53.3	44.9	2018	D	congressional	
ABC News/Wash Post	8/26 - 8/29	879 RV	52	38	53.3	44.9	2018	D	congressional	
Economist/YouGov	8/26 - 8/28	1249 RV	45	39	53.3	44.9	2018	D	congressional	
USA Today/Suffolk	8/23 - 8/28	1000 RV	50	39	53.3	44.9	2018	D	congressional	
IBD/TIPP	8/23 - 8/30	857 RV	50	39	53.3	44.9	2018	D	congressional	
Reuters/Ipsos	8/22 - 8/28	2920 RV	47	34	53.3	44.9	2018	D	congressional	
Harvard-Harris	8/22 - 8/23	1330 RV	45	37	53.3	44.9	2018	D	congressional	
Rasmussen Reports	8/19 - 8/23	2500 LV	46	41	53.3	44.9	2018	D	congressional	
NBC News/Wall St. Jrnl	8/18 - 8/22	900 RV	50	42	53.3	44.9	2018	D	congressional	
Economist/YouGov	8/19 - 8/21	1247 RV	44	38	53.3	44.9	2018	D	congressional	
FOX News	8/19 - 8/21	1009 RV	49	38	53.3	44.9	2018	D	congressional	
Reuters/Ipsos	8/15 - 8/21	1885 RV	41	37	53.3	44.9	2018	D	congressional	
Monmouth	8/15 - 8/19	725 RV	48	43	53.3	44.9	2018	D	congressional	
Rasmussen Reports	8/12 - 8/16	2500 LV	44	44	53.3	44.9	2018	D	congressional	
Economist/YouGov	8/12 - 8/14	1250 RV	44	40	53.3	44.9	2018	D	congressional	
Reuters/Ipsos	8/8 - 8/14	1860 RV	45	36	53.3	44.9	2018	D	congressional	
Quinnipiac	8/9 - 8/13	1175 RV	51	42	53.3	44.9	2018	D	congressional	
CNN	8/9 - 8/12	921 RV	52	41	53.3	44.9	2018	D	congressional	
Pew Research	7/30 - 8/12	3986 RV	46	39	53.3	44.9	2018	D	congressional	
Rasmussen Reports	8/5 - 8/9	2500 LV	48	41	53.3	44.9	2018	D	congressional	
Economist/YouGov	8/5 - 8/7	1289 RV	44	41	53.3	44.9	2018	D	congressional	
Reuters/Ipsos	8/3 - 8/7	1479 RV	41	39	53.3	44.9	2018	D	congressional	
Rasmussen Reports	7/29 - 8/2	2500 LV	45	41	53.3	44.9	2018	D	congressional	
IBD/TIPP	7/26 - 8/2	878 RV	45	45	53.3	44.9	2018	D	congressional	
Economist/YouGov	7/29 - 7/31	1222 RV	44	40	53.3	44.9	2018	D	congressional	
Reuters/Ipsos	7/27 - 7/31	1571 RV	42	36	53.3	44.9	2018	D	congressional	
Rasmussen Reports	7/22 - 7/26	2500 LV	46	40	53.3	44.9	2018	D	congressional	
Harvard-Harris	7/24 - 7/25	1323 RV	43	36	53.3	44.9	2018	D	congressional	
Economist/YouGov	7/22 - 7/24	1203 RV	44	38	53.3	44.9	2018	D	congressional	
Reuters/Ipsos	7/20 - 7/24	1165 RV	42	37	53.3	44.9	2018	D	congressional	
NPR/PBS/Marist	7/19 - 7/22	923 RV	47	40	53.3	44.9	2018	D	congressional	
Quinnipiac	7/18 - 7/23	1177 RV	51	39	53.3	44.9	2018	D	congressional	
Rasmussen Reports	7/15 - 7/19	2500 LV	47	40	53.3	44.9	2018	D	congressional	
NBC News/Wall St. Jrnl	7/15 - 7/18	900 RV	49	43	53.3	44.9	2018	D	congressional	
Economist/YouGov	7/15 - 7/17	1272 RV	45	37	53.3	44.9	2018	D	congressional	
Rasmussen Reports	7/8 - 7/12	2500 LV	46	41	53.3	44.9	2018	D	congressional	
Reuters/Ipsos	7/13 - 7/17	2357 RV	44	35	53.3	44.9	2018	D	congressional	
FOX News	7/9 - 7/11	1007 RV	48	40	53.3	44.9	2018	D	congressional	
Economist/YouGov	7/8 - 7/10	1246 RV	42	38	53.3	44.9	2018	D	congressional	
Reuters/Ipsos	7/6 - 7/10	1295 RV	47	34	53.3	44.9	2018	D	congressional	
Emerson	7/6 - 7/7	900 RV	49	42	53.3	44.9	2018	D	congressional	
Rasmussen Reports	7/1 - 7/5	2500 LV	48	40	53.3	44.9	2018	D	congressional	
Economist/YouGov	7/1 - 7/3	1263 RV	42	38	53.3	44.9	2018	D	congressional	
Rasmussen Reports	6/24 - 6/28	2500 LV	46	40	53.3	44.9	2018	D	congressional	
Reuters/Ipsos	6/28 - 7/2	2252 RV	44	34	53.3	44.9	2018	D	congressional	
Quinnipiac	6/27 - 7/1	1020 RV	50	41	53.3	44.9	2018	D	congressional	
Harvard-Harris	6/24 - 6/25	1448 RV	45	36	53.3	44.9	2018	D	congressional	
IBD/TIPP	6/21 - 6/29	900 A	48	40	53.3	44.9	2018	D	congressional	
Economist/YouGov	6/24 - 6/26	1278 RV	43	38	53.3	44.9	2018	D	congressional	
Reuters/Ipsos	6/22 - 6/26	1199 RV	41	38	53.3	44.9	2018	D	congressional	
Rasmussen Reports	6/17 - 6/21	2500 LV	45	41	53.3	44.9	2018	D	congressional	
Economist/YouGov	6/17 - 6/19	1272 RV	44	37	53.3	44.9	2018	D	congressional	
Reuters/Ipsos	6/15 - 6/19	1604 RV	42	36	53.3	44.9	2018	D	congressional	
USA Today/Suffolk	6/13 - 6/18	1000 RV	45	39	53.3	44.9	2018	D	congressional	
Quinnipiac	6/14 - 6/17	905 RV	49	43	53.3	44.9	2018	D	congressional	
CNN	6/14 - 6/17	901 RV	50	42	53.3	44.9	2018	D	congressional	
Gallup	6/11 - 6/17	1346 RV	48	43	53.3	44.9	2018	D	congressional	
Monmouth	6/12 - 6/13	711 RV	48	41	53.3	44.9	2018	D	congressional	
Rasmussen Reports	6/10 - 6/14	2500 LV	45	41	53.3	44.9	2018	D	congressional	
Economist/YouGov	6/10 - 6/12	1308 RV	43	37	53.3	44.9	2018	D	congressional	
Reuters/Ipsos	6/8 - 6/12	2018 RV	45	35	53.3	44.9	2018	D	congressional	
PPP (D)	6/8 - 6/10	679 RV	46	40	53.3	44.9	2018	D	congressional	
Pew Research	6/5 - 6/12	1608 RV	48	43	53.3	44.9	2018	D	congressional	
Rasmussen Reports	6/3 - 6/7	2500 LV	44	40	53.3	44.9	2018	D	congressional	
FOX News	6/3 - 6/6	1001 RV	48	39	53.3	44.9	2018	D	congressional	
Economist/YouGov	6/3 - 6/5	1292 RV	44	38	53.3	44.9	2018	D	congressional	
Reuters/Ipsos	6/1 - 6/5	1265 RV	43	32	53.3	44.9	2018	D	congressional	
NBC News/Wall St. Jrnl	6/1 - 6/4	900 RV	50	40	53.3	44.9	2018	D	congressional	
Quinnipiac	5/31 - 6/5	1223 RV	47	40	53.3	44.9	2018	D	congressional	
IBD/TIPP	5/29 - 6/5	905 A	47	40	53.3	44.9	2018	D	congressional	
Rasmussen Reports	5/27 - 5/31	2500 LV	45	41	53.3	44.9	2018	D	congressional	
Economist/YouGov	5/27 - 5/29	1279 RV	42	39	53.3	44.9	2018	D	congressional	
Reuters/Ipsos	5/25 - 5/29	1931 RV	39	37	53.3	44.9	2018	D	congressional	
Rasmussen Reports	5/21 - 5/25	2500 LV	43	42	53.3	44.9	2018	D	congressional	
Harvard-Harris	5/21 - 5/22	1347 RV	44	37	53.3	44.9	2018	D	congressional	
Economist/YouGov	5/20 - 5/22	1263 RV	43	38	53.3	44.9	2018	D	congressional	
Reuters/Ipsos	5/18 - 5/22	1080 RV	40	37	53.3	44.9	2018	D	congressional	
Rasmussen Reports	5/13 - 5/17	2500 LV	43	42	53.3	44.9	2018	D	congressional	
Economist/YouGov	5/13 - 5/15	1231 RV	42	37	53.3	44.9	2018	D	congressional	
Reuters/Ipsos	5/11 - 5/15	1290 RV	38	37	53.3	44.9	2018	D	congressional	
Rasmussen Reports	5/6 - 5/10	2500 LV	46	40	53.3	44.9	2018	D	congressional	
CNN	5/2 - 5/5	901 RV	47	44	53.3	44.9	2018	D	congressional	
Economist/YouGov	5/6 - 5/8	1232 RV	44	35	53.3	44.9	2018	D	congressional	
Reuters/Ipsos	5/4 - 5/8	1171 RV	39	38	53.3	44.9	2018	D	congressional	
Economist/YouGov	4/29 - 5/1	1273 RV	42	39	53.3	44.9	2018	D	congressional	
Reuters/Ipsos	4/27 - 5/1	1337 RV	43	37	53.3	44.9	2018	D	congressional	
Pew Research	4/25 - 5/1	1221 RV	48	43	53.3	44.9	2018	D	congressional	
Monmouth	4/26 - 4/30	681 RV	49	41	53.3	44.9	2018	D	congressional	
Harvard-Harris	4/22 - 4/24	1549 RV	43	34	53.3	44.9	2018	D	congressional	
Economist/YouGov	4/22 - 4/24	1270 RV	43	38	53.3	44.9	2018	D	congressional	
Quinnipiac	4/20 - 4/24	1193 RV	48	40	53.3	44.9	2018	D	congressional	
Reuters/Ipsos	4/20 - 4/24	1248 RV	45	34	53.3	44.9	2018	D	congressional	
Economist/YouGov	4/15 - 4/17	1274 RV	43	38	53.3	44.9	2018	D	congressional	
NPR/PBS/Marist	4/10 - 4/13	827 RV	44	39	53.3	44.9	2018	D	congressional	
Reuters/Ipsos	4/13 - 4/17	1238 RV	44	34	53.3	44.9	2018	D	congressional	
ABC News/Wash Post	4/8 - 4/11	865 RV	47	43	53.3	44.9	2018	D	congressional	
NBC News/Wall St. Jrnl	4/8 - 4/11	900 A	47	40	53.3	44.9	2018	D	congressional	
Economist/YouGov	4/8 - 4/10	1292 RV	44	36	53.3	44.9	2018	D	congressional	
Rasmussen Reports	4/8 - 4/9	1000 LV	45	40	53.3	44.9	2018	D	congressional	
Quinnipiac	4/6 - 4/9	1181 RV	46	43	53.3	44.9	2018	D	congressional	
Reuters/Ipsos	4/6 - 4/10	1219 RV	44	34	53.3	44.9	2018	D	congressional	
Economist/YouGov	4/1 - 4/3	1246 RV	43	36	53.3	44.9	2018	D	congressional	
Reuters/Ipsos	3/30 - 4/3	1519 RV	43	34	53.3	44.9	2018	D	congressional	
Harvard-Harris	3/27 - 3/29	1340 RV	45	34	53.3	44.9	2018	D	congressional	
Reuters/Ipsos	3/23 - 3/27	1392 RV	42	35	53.3	44.9	2018	D	congressional	
Economist/YouGov	3/25 - 3/27	1330 RV	42	35	53.3	44.9	2018	D	congressional	
CNN	3/22 - 3/25	913 RV	50	44	53.3	44.9	2018	D	congressional	
PPP (D)	3/23 - 3/25	846 RV	50	39	53.3	44.9	2018	D	congressional	
Marist	3/19 - 3/21	1015 RV	44	39	53.3	44.9	2018	D	congressional	
FOX News	3/18 - 3/21	1014 RV	46	41	53.3	44.9	2018	D	congressional	
Economist/YouGov	3/18 - 3/20	1284 RV	44	38	53.3	44.9	2018	D	congressional	
Quinnipiac	3/16 - 3/20	1291 RV	49	43	53.3	44.9	2018	D	congressional	
Reuters/Ipsos	3/16 - 3/20	1337 RV	40	37	53.3	44.9	2018	D	congressional	
NBC News/Wall St. Jrnl	3/10 - 3/14	930 RV	50	40	53.3	44.9	2018	D	congressional	
Economist/YouGov	3/10 - 3/13	1291 RV	43	38	53.3	44.9	2018	D	congressional	
Reuters/Ipsos	3/9 - 3/13	1411 A	38	30	53.3	44.9	2018	D	congressional	
GWU/Battleground	3/4 - 3/8	1000 RV	49	40	53.3	44.9	2018	D	congressional	
Economist/YouGov	3/4 - 3/6	1310 RV	43	37	53.3	44.9	2018	D	congressional	
Reuters/Ipsos	3/2 - 3/6	2927 A	38	31	53.3	44.9	2018	D	congressional	
Quinnipiac	3/3 - 3/5	1122 RV	48	38	53.3	44.9	2018	D	congressional	
Monmouth	3/2 - 3/5	708 RV	50	41	53.3	44.9	2018	D	congressional	
Rasmussen Reports	3/1 - 3/4	1000 LV	46	40	53.3	44.9	2018	D	congressional	
Economist/YouGov	2/25 - 2/27	1296 RV	40	38	53.3	44.9	2018	D	congressional	
Reuters/Ipsos	2/23 - 2/27	1651 A	37	31	53.3	44.9	2018	D	congressional	
USA Today/Suffolk	2/20 - 2/24	1000 RV	47	32	53.3	44.9	2018	D	congressional	
CNN	2/20 - 2/23	909 RV	54	38	53.3	44.9	2018	D	congressional	
Marist	2/20 - 2/21	819 RV	46	39	53.3	44.9	2018	D	congressional	
Economist/YouGov	2/18 - 2/20	1308 RV	43	35	53.3	44.9	2018	D	congressional	
Reuters/Ipsos	2/16 - 2/20	1104 A	38	30	53.3	44.9	2018	D	congressional	
Harvard-Harris	2/16 - 2/19	1934 RV	41	36	53.3	44.9	2018	D	congressional	
Quinnipiac	2/16 - 2/19	1249 RV	53	38	53.3	44.9	2018	D	congressional	
Economist/YouGov	2/11 - 2/13	1280 RV	42	38	53.3	44.9	2018	D	congressional	
Reuters/Ipsos	2/9 - 2/13	1515 A	39	30	53.3	44.9	2018	D	congressional	
PPP (D)	2/9 - 2/11	687 RV	49	41	53.3	44.9	2018	D	congressional	
Marist	2/5 - 2/7	807 RV	49	38	53.3	44.9	2018	D	congressional	
Economist/YouGov	2/4 - 2/6	1320 RV	43	37	53.3	44.9	2018	D	congressional	
Reuters/Ipsos	2/2 - 2/6	3110 A	38	31	53.3	44.9	2018	D	congressional	
Quinnipiac	2/2 - 2/5	1333 RV	49	40	53.3	44.9	2018	D	congressional	
IBD/TIPP	1/25 - 2/2	832 RV	46	41	53.3	44.9	2018	D	congressional	
Monmouth	1/28 - 1/30	711 RV	47	45	53.3	44.9	2018	D	congressional	
Economist/YouGov	1/28 - 1/30	1264 RV	42	37	53.3	44.9	2018	D	congressional	
Reuters/Ipsos	1/26 - 1/30	1856 A	37	31	53.3	44.9	2018	D	congressional	
Rasmussen Reports	1/24 - 1/25	1000 LV	45	37	53.3	44.9	2018	D	congressional	
FOX News	1/21 - 1/23	1002 RV	44	38	53.3	44.9	2018	D	congressional	
Economist/YouGov	1/21 - 1/23	1301 RV	41	37	53.3	44.9	2018	D	congressional	
Quinnipiac	1/19 - 1/23	1245 RV	51	38	53.3	44.9	2018	D	congressional	
Reuters/Ipsos	1/19 - 1/23	2981 A	38	30	53.3	44.9	2018	D	congressional	
ABC News/Wash Post	1/15 - 1/18	846 RV	51	39	53.3	44.9	2018	D	congressional	
CNN	1/14 - 1/18	RV	49	44	53.3	44.9	2018	D	congressional	
NBC News/Wall St. Jrnl	1/13 - 1/17	765 RV	49	43	53.3	44.9	2018	D	congressional	
Economist/YouGov	1/14 - 1/16	1311 RV	42	36	53.3	44.9	2018	D	congressional	
Reuters/Ipsos	1/12 - 1/16	1638 A	37	32	53.3	44.9	2018	D	congressional	
Quinnipiac	1/12 - 1/16	1212 RV	50	39	53.3	44.9	2018	D	congressional	
Pew Research	1/10 - 1/15	1215 RV	53	39	53.3	44.9	2018	D	congressional	
NPR/PBS/Marist	1/8 - 1/10	1092 RV	46	40	53.3	44.9	2018	D	congressional	
Emerson	1/8 - 1/11	600 RV	45	40	53.3	44.9	2018	D	congressional	
Economist/YouGov	1/8 - 1/9	1327 RV	44	37	53.3	44.9	2018	D	congressional	
Quinnipiac	1/5 - 1/9	1106 RV	52	35	53.3	44.9	2018	D	congressional	
Reuters/Ipsos	1/5 - 1/9	1616 A	40	31	53.3	44.9	2018	D	congressional	
Economist/YouGov	12/31 - 1/2	1277 RV	42	36	53.3	44.9	2018	D	congressional	
Reuters/Ipsos	12/29 - 1/2	1770 A	38	31	53.3	44.9	2018	D	congressional	
Economist/YouGov	12/24 - 12/26	1004 RV	44	36	53.3	44.9	2018	D	congressional	
Economist/YouGov	12/17 - 12/19	1291 RV	44	35	53.3	44.9	2018	D	congressional	
Reuters/Ipsos	12/15 - 12/19	2492 A	39	27	53.3	44.9	2018	D	congressional	
Quinnipiac	12/13 - 12/18	1230 RV	52	37	53.3	44.9	2018	D	congressional	
CNN	12/14 - 12/17	898 RV	56	38	53.3	44.9	2018	D	congressional	
NBC News/Wall St. Jrnl	12/13 - 12/15	736 RV	50	39	53.3	44.9	2018	D	congressional	
PPP (D)	12/11 - 12/12	862 RV	51	40	53.3	44.9	2018	D	congressional	
Economist/YouGov	12/10 - 12/12	1338 RV	44	36	53.3	44.9	2018	D	congressional	
Monmouth	12/10 - 12/12	702 RV	51	36	53.3	44.9	2018	D	congressional	
Reuters/Ipsos	12/8 - 12/12	1457 A	37	29	53.3	44.9	2018	D	congressional	
Quinnipiac	12/6 - 12/11	1211 RV	49	37	53.3	44.9	2018	D	congressional	
Marist	12/4 - 12/7	1079 RV	50	37	53.3	44.9	2018	D	congressional	
Economist/YouGov	12/3 - 12/5	1341 RV	42	36	53.3	44.9	2018	D	congressional	
Reuters/Ipsos	12/1 - 12/5	1548 A	37	31	53.3	44.9	2018	D	congressional	
Quinnipiac	11/29 - 12/4	1508 RV	50	36	53.3	44.9	2018	D	congressional	
Economist/YouGov	11/26 - 11/28	1319 RV	41	35	53.3	44.9	2018	D	congressional	
Reuters/Ipsos	11/24 - 11/28	1969 A	36	30	53.3	44.9	2018	D	congressional	
Economist/YouGov	11/19 - 11/21	1344 RV	42	33	53.3	44.9	2018	D	congressional	
Reuters/Ipsos	11/17 - 11/22	1489 A	37	28	53.3	44.9	2018	D	congressional	
NPR/PBS/Marist	11/13 - 11/15	802 RV	43	40	53.3	44.9	2018	D	congressional	
Economist/YouGov	11/12 - 11/14	1281 RV	42	34	53.3	44.9	2018	D	congressional	
Reuters/Ipsos	11/10 - 11/14	1520 A	38	31	53.3	44.9	2018	D	congressional	
Quinnipiac	11/7 - 11/13	1577 RV	51	38	53.3	44.9	2018	D	congressional	
Marist	11/6 - 11/9	850 RV	51	36	53.3	44.9	2018	D	congressional	
Economist/YouGov	11/5 - 11/7	1336 RV	40	33	53.3	44.9	2018	D	congressional	
Reuters/Ipsos	11/3 - 11/7	1572 A	38	30	53.3	44.9	2018	D	congressional	
ABC News/Wash Post	10/29 - 11/1	884 RV	51	40	53.3	44.9	2018	D	congressional	
Economist/YouGov	10/29 - 10/31	1291 RV	39	36	53.3	44.9	2018	D	congressional	
Reuters/Ipsos	10/27 - 10/31	1798 A	40	31	53.3	44.9	2018	D	congressional	
PPP (D)	10/27 - 10/29	572 RV	50	40	53.3	44.9	2018	D	congressional	
NBC News/Wall St. Jrnl	10/23 - 10/26	753 RV	48	41	53.3	44.9	2018	D	congressional	
Economist/YouGov	10/22 - 10/24	1312 RV	40	33	53.3	44.9	2018	D	congressional	
FOX News	10/22 - 10/24	1005 RV	50	35	53.3	44.9	2018	D	congressional	
Reuters/Ipsos	10/20 - 10/24	2352 A	36	28	53.3	44.9	2018	D	congressional	
Economist/YouGov	10/15 - 10/16	1326 RV	41	33	53.3	44.9	2018	D	congressional	
CNN	10/12 - 10/15	RV	54	38	53.3	44.9	2018	D	congressional	
Economist/YouGov	10/7 - 10/10	1278 RV	40	33	53.3	44.9	2018	D	congressional	
Quinnipiac	10/5 - 10/10	1482 RV	49	41	53.3	44.9	2018	D	congressional	
Economist/YouGov	10/1 - 10/3	1298 RV	39	32	53.3	44.9	2018	D	congressional	
Economist/YouGov	9/24 - 9/26	1254 RV	40	34	53.3	44.9	2018	D	congressional	
Quinnipiac	9/21 - 9/26	1412 RV	47	38	53.3	44.9	2018	D	congressional	
PPP (D)	9/22 - 9/25	865 RV	48	37	53.3	44.9	2018	D	congressional	
Economist/YouGov	9/17 - 9/19	1292 RV	39	33	53.3	44.9	2018	D	congressional	
NBC News/Wall St. Jrnl	9/14 - 9/18	751 RV	48	42	53.3	44.9	2018	D	congressional	
Economist/YouGov	9/10 - 9/12	1313 RV	40	31	53.3	44.9	2018	D	congressional	
Economist/YouGov	9/3 - 9/5	1309 RV	39	33	53.3	44.9	2018	D	congressional	
Economist/YouGov	8/27 - 8/29	1278 RV	40	32	53.3	44.9	2018	D	congressional	
Economist/YouGov	8/20 - 8/22	1327 RV	39	33	53.3	44.9	2018	D	congressional	
Quinnipiac	8/17 - 8/22	1514 RV	50	38	53.3	44.9	2018	D	congressional	
PPP (D)	8/18 - 8/21	887 RV	49	35	53.3	44.9	2018	D	congressional	
GWU/Battleground	8/13 - 8/17	1000 RV	45	38	53.3	44.9	2018	D	congressional	
Economist/YouGov	8/13 - 8/15	1291 RV	41	33	53.3	44.9	2018	D	congressional	
Quinnipiac	8/9 - 8/15	1361 RV	50	40	53.3	44.9	2018	D	congressional	
Marist	8/8 - 8/12	883 RV	47	40	53.3	44.9	2018	D	congressional	
Economist/YouGov	8/6 - 8/8	1303 RV	39	34	53.3	44.9	2018	D	congressional	
CNN	8/3 - 8/6	RV	51	42	53.3	44.9	2018	D	congressional	
Economist/YouGov	7/31 - 8/1	1329 RV	39	34	53.3	44.9	2018	D	congressional	
Quinnipiac	7/27 - 8/1	1125 RV	52	38	53.3	44.9	2018	D	congressional	
Economist/YouGov	7/23 - 7/25	1282 RV	40	34	53.3	44.9	2018	D	congressional	
Economist/YouGov	7/15 - 7/18	1273 RV	40	34	53.3	44.9	2018	D	congressional	
ABC News/Wash Post	7/10 - 7/13	RV	52	38	53.3	44.9	2018	D	congressional	
Economist/YouGov	7/9 - 7/11	1284 RV	39	32	53.3	44.9	2018	D	congressional	
Economist/YouGov	7/3 - 7/4	1323 RV	37	35	53.3	44.9	2018	D	congressional	
FOX News	6/25 - 6/27	1017 RV	47	41	53.3	44.9	2018	D	congressional	
Economist/YouGov	6/25 - 6/27	1295 RV	41	35	53.3	44.9	2018	D	congressional	
Quinnipiac	6/22 - 6/27	1212 RV	51	41	53.3	44.9	2018	D	congressional	
NPR/PBS/Marist	6/21 - 6/25	995 RV	48	38	53.3	44.9	2018	D	congressional	
Economist/YouGov	6/18 - 6/20	1277 RV	38	35	53.3	44.9	2018	D	congressional	
NBC News/Wall St. Jrnl	6/17 - 6/20	765 RV	50	42	53.3	44.9	2018	D	congressional	
Economist/YouGov	6/11 - 6/13	1310 RV	38	36	53.3	44.9	2018	D	congressional	
PPP (D)	6/9 - 6/11	811 RV	50	40	53.3	44.9	2018	D	congressional	
Economist/YouGov	6/4 - 6/6	1288 RV	41	37	53.3	44.9	2018	D	congressional	
Quinnipiac	5/31 - 6/6	1361 RV	51	39	53.3	44.9	2018	D	congressional	
Economist/YouGov	5/27 - 5/30	1269 RV	39	33	53.3	44.9	2018	D	congressional	
Quinnipiac	5/4 - 5/9	1078 RV	54	38	53.3	44.9	2018	D	congressional	
Economist/YouGov	5/20 - 5/23	1276 RV	38	36	53.3	44.9	2018	D	congressional	
Economist/YouGov	5/13 - 5/16	1298 RV	40	33	53.3	44.9	2018	D	congressional	
PPP (D)	5/12 - 5/14	692 RV	49	38	53.3	44.9	2018	D	congressional	
Economist/YouGov	5/6 - 5/9	1287 RV	40	35	53.3	44.9	2018	D	congressional	
Economist/YouGov	4/29 - 5/2	1255 RV	38	35	53.3	44.9	2018	D	congressional	
FOX News	4/23 - 4/25	1009 RV	47	42	53.3	44.9	2018	D	congressional	
Economist/YouGov	4/23 - 4/25	1289 RV	39	34	53.3	44.9	2018	D	congressional	
CNN/ORC	4/22 - 4/25	RV	49	41	53.3	44.9	2018	D	congressional	
NBC News/Wall St. Jrnl	4/17 - 4/20	759 RV	47	43	53.3	44.9	2018	D	congressional	
PPP (D)	4/17 - 4/18	648 RV	47	41	53.3	44.9	2018	D	congressional	
Economist/YouGov	4/15 - 4/18	1291 RV	38	32	53.3	44.9	2018	D	congressional	
Marist	4/11 - 4/12	869 RV	45	38	53.3	44.9	2018	D	congressional	
PPP (D)	3/27 - 3/28	677 RV	48	43	53.3	44.9	2018	D	congressional	
McClatchy/Marist	3/22 - 3/27	906 RV	47	38	53.3	44.9	2018	D	congressional	
PPP (D)	3/10 - 3/12	808 RV	46	41	53.3	44.9	2018	D	congressional	
PPP (D)	2/21 - 2/22	941 RV	46	43	53.3	44.9	2018	D	congressional	
PPP (D)	1/23 - 1/24	1043	48	40	53.3	44.9	2018	D	congressional	
										
										
RCP Average	10/18 - 11/6	--	45.5	48	47.8	50.6	2022	R	congressional	
Trafalgar Group (R)	11/4 - 11/6	1099 LV	43	48	47.8	50.6	2022	R	congressional	
Politico/Morning Consult	11/4 - 11/5	2005 RV	48	43	47.8	50.6	2022	R	congressional	
Economist/YouGov	11/3 - 11/6	1068 LV	48	49	47.8	50.6	2022	R	congressional	
Data for Progress (D)**	11/3 - 11/6	1130 LV	48	52	47.8	50.6	2022	R	congressional	
NBC News	11/3 - 11/5	786 LV	48	47	47.8	50.6	2022	R	congressional	
Rasmussen Reports	10/30 - 11/3	2500 LV	43	48	47.8	50.6	2022	R	congressional	
ABC News/Wash Post	10/30 - 11/2	708 LV	48	50	47.8	50.6	2022	R	congressional	
Economist/YouGov	10/29 - 11/1	1099 LV	49	49	47.8	50.6	2022	R	congressional	
Data for Progress (D)**	10/28 - 10/31	1276 LV	47	51	47.8	50.6	2022	R	congressional	
Newsnation	10/28 - 10/31	1017 RV	43	45	47.8	50.6	2022	R	congressional	
Politico/Morning Consult	10/28 - 10/31	2005 RV	47	42	47.8	50.6	2022	R	congressional	
CNN	10/26 - 10/31	992 LV	47	51	47.8	50.6	2022	R	congressional	
Quinnipiac	10/26 - 10/30	2010 RV	44	48	47.8	50.6	2022	R	congressional	
CBS News Battleground Tracker	10/26 - 10/28	1899 LV	45	47	47.8	50.6	2022	R	congressional	
Trafalgar Group (R)	10/25 - 10/27	1089 LV	42	48	47.8	50.6	2022	R	congressional	
NPR/PBS/Marist	10/24 - 10/27	1200 LV	46	49	47.8	50.6	2022	R	congressional	
InsiderAdvantage	10/25 - 10/25	750 LV	44	48	47.8	50.6	2022	R	congressional	
Rasmussen Reports	10/23 - 10/27	2500 LV	42	49	47.8	50.6	2022	R	congressional	
Wall Street Journal	10/22 - 10/26	1500 RV	44	46	47.8	50.6	2022	R	congressional	
Data for Progress (D)**	10/26 - 10/27	1217 LV	45	49	47.8	50.6	2022	R	congressional	
Economist/YouGov	10/22 - 10/25	1114 LV	49	45	47.8	50.6	2022	R	congressional	
Politico/Morning Consult	10/21 - 10/23	2005 RV	47	42	47.8	50.6	2022	R	congressional	
USA Today/Suffolk	10/19 - 10/24	1000 LV	45	49	47.8	50.6	2022	R	congressional	
Democracy Corps (D)	10/19 - 10/23	LV	48	50	47.8	50.6	2022	R	congressional	
Emerson	10/18 - 10/19	1000 LV	41	46	47.8	50.6	2022	R	congressional	
Rasmussen Reports	10/16 - 10/20	2500 LV	43	47	47.8	50.6	2022	R	congressional	
Economist/YouGov	10/16 - 10/18	1110 LV	46	47	47.8	50.6	2022	R	congressional	
NBC News	10/14 - 10/18	LV	47	48	47.8	50.6	2022	R	congressional	
Monmouth	10/13 - 10/17	756 RV	44	50	47.8	50.6	2022	R	congressional	
Politico/Morning Consult	10/14 - 10/16	2005 RV	45	44	47.8	50.6	2022	R	congressional	
CNBC	10/13 - 10/16	800 RV	46	48	47.8	50.6	2022	R	congressional	
CBS News Battleground Tracker	10/12 - 10/14	1753 LV	45	47	47.8	50.6	2022	R	congressional	
Harvard-Harris	10/12 - 10/13	LV	47	53	47.8	50.6	2022	R	congressional	
Trafalgar Group (R)	10/10 - 10/12	1079 LV	43	48	47.8	50.6	2022	R	congressional	
Data for Progress (D)**	10/6 - 10/18	4576 LV	45	48	47.8	50.6	2022	R	congressional	
Rasmussen Reports	10/9 - 10/13	2500 LV	41	48	47.8	50.6	2022	R	congressional	
NY Times/Siena	10/9 - 10/12	792 LV	45	49	47.8	50.6	2022	R	congressional	
FOX News	10/9 - 10/12	LV	46	47	47.8	50.6	2022	R	congressional	
Economist/YouGov	10/8 - 10/11	1031 LV	48	46	47.8	50.6	2022	R	congressional	
Politico/Morning Consult	10/7 - 10/9	2006 RV	46	42	47.8	50.6	2022	R	congressional	
Federalist/Susquehanna	10/4 - 10/11	800 LV	48	48	47.8	50.6	2022	R	congressional	
InsiderAdvantage	10/3 - 10/3	750 LV	44	47	47.8	50.6	2022	R	congressional	
Rasmussen Reports	10/2 - 10/6	2500 LV	43	47	47.8	50.6	2022	R	congressional	
Economist/YouGov	10/1 - 10/3	1042 LV	47	46	47.8	50.6	2022	R	congressional	
Politico/Morning Consult	9/30 - 10/2	2005 RV	46	43	47.8	50.6	2022	R	congressional	
NPR/Marist	9/27 - 9/29	1293 LV	48	45	47.8	50.6	2022	R	congressional	
Newsnation	9/26 - 9/29	1017 RV	45	44	47.8	50.6	2022	R	congressional	
Rasmussen Reports	9/25 - 9/29	2500 LV	44	45	47.8	50.6	2022	R	congressional	
Trafalgar Group (R)	9/25 - 9/27	1084 LV	46	51	47.8	50.6	2022	R	congressional	
Economist/YouGov	9/24 - 9/27	1054 LV	46	47	47.8	50.6	2022	R	congressional	
Data for Progress (D)**	9/16 - 10/3	7380 LV	45	47	47.8	50.6	2022	R	congressional	
Susquehanna	9/21 - 9/27	881 LV	43	44	47.8	50.6	2022	R	congressional	
Politico/Morning Consult	9/23 - 9/25	2005 RV	45	43	47.8	50.6	2022	R	congressional	
Monmouth	9/21 - 9/25	750 RV	45	47	47.8	50.6	2022	R	congressional	
CBS News Battleground Tracker	9/21 - 9/23	1954 LV	45	46	47.8	50.6	2022	R	congressional	
Grinnell/Selzer	9/20 - 9/25	563 LV	46	42	47.8	50.6	2022	R	congressional	
Emerson	9/20 - 9/21	1368 LV	45	45	47.8	50.6	2022	R	congressional	
ABC News/Wash Post	9/18 - 9/21	LV	46	51	47.8	50.6	2022	R	congressional	
Democracy Corps (D)	9/9 - 10/15	LV	51	48	47.8	50.6	2022	R	congressional	
CNN	9/3 - 10/5	1198 LV	50	47	47.8	50.6	2022	R	congressional	
Rasmussen Reports	9/18 - 9/22	2500 LV	42	44	47.8	50.6	2022	R	congressional	
Economist/YouGov	9/17 - 9/20	1318 RV	45	40	47.8	50.6	2022	R	congressional	
Politico/Morning Consult	9/16 - 9/18	2005 RV	46	41	47.8	50.6	2022	R	congressional	
NBC News	9/9 - 9/13	1000 RV	46	46	47.8	50.6	2022	R	congressional	
Rasmussen Reports	9/11 - 9/15	2500 LV	42	43	47.8	50.6	2022	R	congressional	
Economist/YouGov	9/10 - 9/13	1307 RV	43	39	47.8	50.6	2022	R	congressional	
FOX News	9/9 - 9/12	1201 RV	44	41	47.8	50.6	2022	R	congressional	
NY Times/Siena	9/6 - 9/14	1399 RV	46	44	47.8	50.6	2022	R	congressional	
Politico/Morning Consult	9/9 - 9/11	2006 RV	47	42	47.8	50.6	2022	R	congressional	
Trafalgar Group (R)	9/7 - 9/9	1081 LV	42	48	47.8	50.6	2022	R	congressional	
Harvard-Harris	9/7 - 9/8	1885 RV	51	49	47.8	50.6	2022	R	congressional	
Data for Progress (D)**	8/29 - 9/15	4258 LV	45	47	47.8	50.6	2022	R	congressional	
Rasmussen Reports	9/4 - 9/8	2500 LV	42	46	47.8	50.6	2022	R	congressional	
Economist/YouGov	9/3 - 9/6	1337 RV	44	38	47.8	50.6	2022	R	congressional	
InsiderAdvantage	9/1 - 9/1	500 LV	45	44	47.8	50.6	2022	R	congressional	
NPR/PBS/Marist	8/29 - 9/1	1151 RV	48	44	47.8	50.6	2022	R	congressional	
Rasmussen Reports	8/28 - 9/1	2500 LV	42	47	47.8	50.6	2022	R	congressional	
Trafalgar Group (R)	8/28 - 8/30	1084 LV	41	47	47.8	50.6	2022	R	congressional	
Economist/YouGov	8/28 - 8/30	1342 RV	46	38	47.8	50.6	2022	R	congressional	
Quinnipiac	8/25 - 8/29	1419 RV	47	43	47.8	50.6	2022	R	congressional	
Politico/Morning Consult	8/26 - 8/28	2007 RV	47	42	47.8	50.6	2022	R	congressional	
CBS News Battleground Tracker	8/24 - 8/26	1854 LV	45	47	47.8	50.6	2022	R	congressional	
Emerson	8/23 - 8/24	1000 RV	44	45	47.8	50.6	2022	R	congressional	
Newsnation	8/22 - 8/23	1028 RV	42	45	47.8	50.6	2022	R	congressional	
Rasmussen Reports	8/21 - 8/25	2500 LV	42	47	47.8	50.6	2022	R	congressional	
Wall Street Journal	8/17 - 8/25	1313 RV	47	44	47.8	50.6	2022	R	congressional	
Economist/YouGov	8/21 - 8/23	1318 RV	44	39	47.8	50.6	2022	R	congressional	
Data for Progress (D)**	8/12 - 8/28	8876 LV	45	46	47.8	50.6	2022	R	congressional	
Politico/Morning Consult	8/19 - 8/21	2005 RV	47	42	47.8	50.6	2022	R	congressional	
Rasmussen Reports	8/14 - 8/18	2500 LV	41	46	47.8	50.6	2022	R	congressional	
Trafalgar Group (R)	8/14 - 8/16	1091 LV	42	47	47.8	50.6	2022	R	congressional	
NBC News	8/12 - 8/16	1000 RV	45	47	47.8	50.6	2022	R	congressional	
Politico/Morning Consult	8/12 - 8/14	2005 RV	46	42	47.8	50.6	2022	R	congressional	
Economist/YouGov	8/13 - 8/16	1315 RV	45	39	47.8	50.6	2022	R	congressional	
Rasmussen Reports	8/7 - 8/11	2500 LV	43	46	47.8	50.6	2022	R	congressional	
Economist/YouGov	8/7 - 8/9	1331 RV	44	38	47.8	50.6	2022	R	congressional	
FOX News	8/6 - 8/9	1002 RV	41	41	47.8	50.6	2022	R	congressional	
Politico/Morning Consult	8/5 - 8/7	2005 RV	44	43	47.8	50.6	2022	R	congressional	
Rasmussen Reports	7/31 - 8/4	2500 LV	43	46	47.8	50.6	2022	R	congressional	
InsiderAdvantage	7/31 - 8/1	800 LV	44	45	47.8	50.6	2022	R	congressional	
Economist/YouGov	7/28 - 8/2	1325 RV	44	39	47.8	50.6	2022	R	congressional	
Monmouth	7/28 - 8/1	751 RV	49	46	47.8	50.6	2022	R	congressional	
Politico/Morning Consult	7/29 - 7/31	2006 RV	45	43	47.8	50.6	2022	R	congressional	
CBS News Battleground Tracker	7/27 - 7/29	1537 LV	43	45	47.8	50.6	2022	R	congressional	
Harvard-Harris	7/27 - 7/28	1885 RV	50	50	47.8	50.6	2022	R	congressional	
Rasmussen Reports	7/24 - 7/28	2500 LV	41	46	47.8	50.6	2022	R	congressional	
Economist/YouGov	7/23 - 7/26	1311 RV	44	38	47.8	50.6	2022	R	congressional	
USA Today/Suffolk	7/22 - 7/25	1000 RV	44	40	47.8	50.6	2022	R	congressional	
Politico/Morning Consult	7/22 - 7/24	2006 RV	45	41	47.8	50.6	2022	R	congressional	
Newsnation	7/22 - 7/24	1000 RV	44	43	47.8	50.6	2022	R	congressional	
Trafalgar Group (R)	7/20 - 7/22	1085 LV	40	48	47.8	50.6	2022	R	congressional	
Emerson	7/19 - 7/20	1078 RV	44	45	47.8	50.6	2022	R	congressional	
Data for Progress (D)**	7/13 - 7/25	1353 LV	45	48	47.8	50.6	2022	R	congressional	
Rasmussen Reports	7/17 - 7/21	2500 LV	39	49	47.8	50.6	2022	R	congressional	
GU Politics/Battleground	7/16 - 7/20	800 LV	48	46	47.8	50.6	2022	R	congressional	
Economist/YouGov	7/16 - 7/19	1278 RV	43	40	47.8	50.6	2022	R	congressional	
Quinnipiac	7/14 - 7/18	1367 RV	45	44	47.8	50.6	2022	R	congressional	
Politico/Morning Consult	7/15 - 7/17	2005 RV	45	41	47.8	50.6	2022	R	congressional	
Democracy Corps (D)	7/8 - 7/16	LV	48	51	47.8	50.6	2022	R	congressional	
FOX News	7/10 - 7/13	1001 RV	41	44	47.8	50.6	2022	R	congressional	
Rasmussen Reports	7/10 - 7/14	2500 LV	39	47	47.8	50.6	2022	R	congressional	
Economist/YouGov	7/9 - 7/11	1304 RV	43	40	47.8	50.6	2022	R	congressional	
Politico/Morning Consult	7/8 - 7/10	2005 RV	46	42	47.8	50.6	2022	R	congressional	
CNBC	7/7 - 7/10	RV	42	44	47.8	50.6	2022	R	congressional	
NY Times/Siena	7/5 - 7/7	LV	43	44	47.8	50.6	2022	R	congressional	
InsiderAdvantage	7/5 - 7/6	825 LV	42	50	47.8	50.6	2022	R	congressional	
Rasmussen Reports	7/5 - 7/7	2000 LV	40	48	47.8	50.6	2022	R	congressional	
Economist/YouGov**	7/2 - 7/5	1345 RV	43	40	47.8	50.6	2022	R	congressional	
Data for Progress (D)**	7/1 - 7/5	1353 LV	45	46	47.8	50.6	2022	R	congressional	
CNN	6/13 - 7/13	1203 RV	46	46	47.8	50.6	2022	R	congressional	
Monmouth	6/23 - 6/27	910 RV	46	48	47.8	50.6	2022	R	congressional	
Harvard-Harris	6/28 - 6/29	1308 RV	50	50	47.8	50.6	2022	R	congressional	
Emerson	6/28 - 6/29	1271 RV	43	46	47.8	50.6	2022	R	congressional	
Rasmussen Reports	6/26 - 6/30	2500 LV	42	47	47.8	50.6	2022	R	congressional	
Economist/YouGov	6/25 - 6/28	1359 RV	40	45	47.8	50.6	2022	R	congressional	
Politico/Morning Consult	6/24 - 6/25	2005 RV	45	42	47.8	50.6	2022	R	congressional	
NPR/PBS/Marist	6/24 - 6/25	868 RV	48	41	47.8	50.6	2022	R	congressional	
Trafalgar Group (R)	6/20 - 6/23	1079 RV	40	49	47.8	50.6	2022	R	congressional	
Newsnation	6/20 - 6/21	1006 RV	43	43	47.8	50.6	2022	R	congressional	
Rasmussen Reports	6/19 - 6/23	2500 LV	40	48	47.8	50.6	2022	R	congressional	
Economist/YouGov	6/18 - 6/21	1290 RV	41	45	47.8	50.6	2022	R	congressional	
Politico/Morning Consult	6/17 - 6/20	2004 RV	42	42	47.8	50.6	2022	R	congressional	
Rasmussen Reports	6/12 - 6/16	2500 LV	41	46	47.8	50.6	2022	R	congressional	
USA Today/Suffolk	6/12 - 6/15	1000 RV	40	40	47.8	50.6	2022	R	congressional	
Economist/YouGov	6/11 - 6/14	1304 RV	42	46	47.8	50.6	2022	R	congressional	
FOX News	6/10 - 6/13	1002 RV	44	47	47.8	50.6	2022	R	congressional	
Politico/Morning Consult	6/10 - 6/12	2005 RV	44	42	47.8	50.6	2022	R	congressional	
Democracy Corps (D)	6/4 - 6/12	LV	46	51	47.8	50.6	2022	R	congressional	
Rasmussen Reports	6/5 - 6/9	2500 LV	39	48	47.8	50.6	2022	R	congressional	
Economist/YouGov	6/4 - 6/7	1314 RV	43	45	47.8	50.6	2022	R	congressional	
Quinnipiac	6/3 - 6/6	1413 RV	41	46	47.8	50.6	2022	R	congressional	
Politico/Morning Consult	6/4 - 6/5	2006 RV	42	42	47.8	50.6	2022	R	congressional	
Rasmussen Reports	5/29 - 6/2	2500 LV	40	48	47.8	50.6	2022	R	congressional	
Economist/YouGov	5/28 - 5/31	1280 RV	43	43	47.8	50.6	2022	R	congressional	
Rasmussen Reports	5/22 - 5/26	2500 LV	41	47	47.8	50.6	2022	R	congressional	
Emerson	5/24 - 5/25	1148 RV	42	45	47.8	50.6	2022	R	congressional	
Economist/YouGov	5/21 - 5/24	1332 RV	41	45	47.8	50.6	2022	R	congressional	
Politico/Morning Consult	5/20 - 5/22	2005 RV	45	41	47.8	50.6	2022	R	congressional	
Harvard-Harris	5/18 - 5/19	1963 RV	49	51	47.8	50.6	2022	R	congressional	
Rasmussen Reports	5/15 - 5/19	2500 LV	39	48	47.8	50.6	2022	R	congressional	
Economist/YouGov	5/15 - 5/17	1342 RV	43	40	47.8	50.6	2022	R	congressional	
Politico/Morning Consult	5/13 - 5/16	2005 RV	44	42	47.8	50.6	2022	R	congressional	
Quinnipiac	5/12 - 5/16	1421 RV	43	47	47.8	50.6	2022	R	congressional	
NPR/PBS/Marist	5/9 - 5/13	1213 RV	47	42	47.8	50.6	2022	R	congressional	
NBC News	5/5 - 5/10	790 RV	46	46	47.8	50.6	2022	R	congressional	
Monmouth	5/5 - 5/9	751 RV	43	50	47.8	50.6	2022	R	congressional	
Politico/Morning Consult	5/6 - 5/9	2005 RV	44	42	47.8	50.6	2022	R	congressional	
Economist/YouGov	5/8 - 5/10	1361 RV	51	49	47.8	50.6	2022	R	congressional	
CNN	5/3 - 5/5	645 RV	42	49	47.8	50.6	2022	R	congressional	
Economist/YouGov	4/30 - 5/3	1340 RV	53	47	47.8	50.6	2022	R	congressional	
CNN	4/28 - 5/1	806 RV	44	45	47.8	50.6	2022	R	congressional	
FOX News	4/28 - 5/1	1003 RV	39	46	47.8	50.6	2022	R	congressional	
Politico/Morning Consult	4/29 - 5/2	2000 RV	43	43	47.8	50.6	2022	R	congressional	
Economist/YouGov	4/26 - 4/27	1336 RV	42	39	47.8	50.6	2022	R	congressional	
ABC News/Wash Post	4/24 - 4/28	907 RV	46	45	47.8	50.6	2022	R	congressional	
Emerson	4/25 - 4/26	1000 RV	41	47	47.8	50.6	2022	R	congressional	
Federalist/Susquehanna	4/19 - 4/27	800 LV	39	49	47.8	50.6	2022	R	congressional	
Politico/Morning Consult	4/22 - 4/25	2004 RV	43	42	47.8	50.6	2022	R	congressional	
Quinnipiac	4/21 - 4/25	1409 RV	42	45	47.8	50.6	2022	R	congressional	
Insider Advantage	4/21 - 4/23	750 LV	39	51	47.8	50.6	2022	R	congressional	
NPR/PBS/Marist	4/19 - 4/26	1162 RV	44	47	47.8	50.6	2022	R	congressional	
Harvard-Harris	4/20 - 4/21	1966 RV	50	50	47.8	50.6	2022	R	congressional	
Trafalgar Group (R)	4/18 - 4/20	1077 LV	39	48	47.8	50.6	2022	R	congressional	
Economist/YouGov	4/16 - 4/19	1260 RV	43	38	47.8	50.6	2022	R	congressional	
Politico/Morning Consult	4/15 - 4/17	2005 RV	43	42	47.8	50.6	2022	R	congressional	
Rasmussen Reports	4/10 - 4/14	2500 LV	39	47	47.8	50.6	2022	R	congressional	
Economist/YouGov	4/9 - 4/12	1303 RV	42	39	47.8	50.6	2022	R	congressional	
Politico/Morning Consult	4/8 - 4/11	2005 RV	40	43	47.8	50.6	2022	R	congressional	
Economist/YouGov	4/2 - 4/5	1287 RV	42	38	47.8	50.6	2022	R	congressional	
Politico/Morning Consult	4/1 - 4/4	2003 RV	43	43	47.8	50.6	2022	R	congressional	
Quinnipiac	3/31 - 4/4	1280 RV	43	47	47.8	50.6	2022	R	congressional	
Economist/YouGov	3/26 - 3/29	1313 RV	41	39	47.8	50.6	2022	R	congressional	
Politico/Morning Consult	3/25 - 3/27	2006 RV	42	41	47.8	50.6	2022	R	congressional	
Harvard-Harris	3/23 - 3/24	1990 RV	47	53	47.8	50.6	2022	R	congressional	
NBC News	3/18 - 3/22	790 RV	44	46	47.8	50.6	2022	R	congressional	
Economist/YouGov	3/19 - 3/22	1270 RV	43	39	47.8	50.6	2022	R	congressional	
FOX News	3/18 - 3/21	1004 RV	41	43	47.8	50.6	2022	R	congressional	
Politico/Morning Consult	3/18 - 3/21	2005 RV	42	41	47.8	50.6	2022	R	congressional	
Emerson	3/18 - 3/20	1023 RV	42	47	47.8	50.6	2022	R	congressional	
Rasmussen Reports	3/13 - 3/17	2500 LV	39	50	47.8	50.6	2022	R	congressional	
Politico/Morning Consult	3/11 - 3/14	2005 RV	42	43	47.8	50.6	2022	R	congressional	
Monmouth	3/10 - 3/14	746 RV	46	46	47.8	50.6	2022	R	congressional	
InsiderAdvantage	3/7 - 3/8	750 LV	40	48	47.8	50.6	2022	R	congressional	
Economist/YouGov	3/5 - 3/8	1227 RV	44	39	47.8	50.6	2022	R	congressional	
Politico/Morning Consult	3/4 - 3/6	2005 RV	43	41	47.8	50.6	2022	R	congressional	
Wall Street Journal	3/2 - 3/7	1500 RV	41	46	47.8	50.6	2022	R	congressional	
Economist/YouGov	2/26 - 3/1	1205 RV	42	38	47.8	50.6	2022	R	congressional	
Politico/Morning Consult	2/25 - 2/27	2004 RV	42	41	47.8	50.6	2022	R	congressional	
Harvard-Harris	2/23 - 2/24	2026 RV	49	51	47.8	50.6	2022	R	congressional	
ABC News/Wash Post	2/20 - 2/24	904 RV	42	49	47.8	50.6	2022	R	congressional	
Economist/YouGov	2/19 - 2/22	1290 RV	44	38	47.8	50.6	2022	R	congressional	
FOX News	2/19 - 2/22	1001 RV	45	49	47.8	50.6	2022	R	congressional	
Politico/Morning Consult	2/19 - 2/21	2005 RV	45	41	47.8	50.6	2022	R	congressional	
Emerson	2/19 - 2/20	1138 RV	41	50	47.8	50.6	2022	R	congressional	
USA Today/Suffolk	2/16 - 2/20	1000 RV	39	37	47.8	50.6	2022	R	congressional	
Rasmussen Reports	2/13 - 2/17	2500 LV	37	50	47.8	50.6	2022	R	congressional	
Economist/YouGov	2/12 - 2/15	1231 RV	42	37	47.8	50.6	2022	R	congressional	
Politico/Morning Consult	2/12 - 2/13	2005 RV	41	43	47.8	50.6	2022	R	congressional	
Quinnipiac	2/10 - 2/14	1172 RV	44	46	47.8	50.6	2022	R	congressional	
Federalist/Susquehanna	2/3 - 2/9	800 LV	41	47	47.8	50.6	2022	R	congressional	
Economist/YouGov	2/5 - 2/8	1255 RV	43	39	47.8	50.6	2022	R	congressional	
Politico/Morning Consult	2/5 - 2/6	2005 RV	42	43	47.8	50.6	2022	R	congressional	
Economist/YouGov	1/29 - 2/1	1273 RV	44	38	47.8	50.6	2022	R	congressional	
Politico/Morning Consult	1/28 - 1/30	2005 RV	44	41	47.8	50.6	2022	R	congressional	
CNN	1/10 - 2/6	1257 RV	43	44	47.8	50.6	2022	R	congressional	
Monmouth	1/20 - 1/24	735 RV	43	51	47.8	50.6	2022	R	congressional	
Insider Advantage	1/21 - 1/23	850 LV	42	49	47.8	50.6	2022	R	congressional	
Economist/YouGov	1/22 - 1/25	1249 RV	42	38	47.8	50.6	2022	R	congressional	
Politico/Morning Consult	1/22 - 1/23	2005 RV	42	42	47.8	50.6	2022	R	congressional	
Harvard-Harris	1/19 - 1/20	1815 RV	47	53	47.8	50.6	2022	R	congressional	
FOX News	1/16 - 1/19	1001 RV	43	44	47.8	50.6	2022	R	congressional	
Economist/YouGov	1/15 - 1/18	1153 RV	43	39	47.8	50.6	2022	R	congressional	
NBC News	1/14 - 1/18	790 RV	47	46	47.8	50.6	2022	R	congressional	
Politico/Morning Consult	1/15 - 1/16	2005 RV	41	42	47.8	50.6	2022	R	congressional	
Trafalgar Group (R)	1/12 - 1/15	1077 LV	42	56	47.8	50.6	2022	R	congressional	
Rasmussen Reports	1/9 - 1/13	2500 LV	39	48	47.8	50.6	2022	R	congressional	
Economist/YouGov	1/8 - 1/11	1258 RV	42	37	47.8	50.6	2022	R	congressional	
Quinnipiac	1/7 - 1/10	1178 RV	43	44	47.8	50.6	2022	R	congressional	
Politico/Morning Consult	1/8 - 1/9	2000 RV	44	41	47.8	50.6	2022	R	congressional	
Economist/YouGov	1/2 - 1/4	1201 RV	42	38	47.8	50.6	2022	R	congressional	
USA Today/Suffolk	12/27 - 12/30	1000 RV	39	37	47.8	50.6	2022	R	congressional	
Economist/YouGov	12/19 - 12/21	1315 RV	43	36	47.8	50.6	2022	R	congressional	
Politico/Morning Consult	12/18 - 12/20	1998 RV	41	41	47.8	50.6	2022	R	congressional	
CNBC/Change Research (D)	12/17 - 12/20	1895 RV	45	44	47.8	50.6	2022	R	congressional	
InsiderAdvantage	12/17 - 12/19	750 RV	43	48	47.8	50.6	2022	R	congressional	
FOX News	12/11 - 12/14	1002 RV	39	43	47.8	50.6	2022	R	congressional	
Rasmussen Reports	12/8 - 12/14	2500 LV	39	48	47.8	50.6	2022	R	congressional	
Economist/YouGov	12/12 - 12/14	1267 RV	42	38	47.8	50.6	2022	R	congressional	
Politico/Morning Consult	12/11 - 12/13	1998 RV	43	42	47.8	50.6	2022	R	congressional	
CNBC	12/1 - 12/3	800 A	34	44	47.8	50.6	2022	R	congressional	
Economist/YouGov	12/4 - 12/7	1265 RV	42	39	47.8	50.6	2022	R	congressional	
Politico/Morning Consult	12/4 - 12/6	2000 RV	44	41	47.8	50.6	2022	R	congressional	
Harvard-Harris	11/30 - 12/2	1989 RV	50	50	47.8	50.6	2022	R	congressional	
Economist/YouGov	11/27 - 11/30	1272 RV	42	37	47.8	50.6	2022	R	congressional	
Economist/YouGov	11/20 - 11/23	1249 RV	40	40	47.8	50.6	2022	R	congressional	
Wall Street Journal	11/16 - 11/22	1500 RV	41	44	47.8	50.6	2022	R	congressional	
NPR/PBS/Marist	11/16 - 11/19	969 RV	46	41	47.8	50.6	2022	R	congressional	
Economist/YouGov	11/14 - 11/16	1299 RV	42	38	47.8	50.6	2022	R	congressional	
Politico/Morning Consult	11/13 - 11/15	1998 RV	43	43	47.8	50.6	2022	R	congressional	
Quinnipiac	11/11 - 11/15	1262 RV	41	46	47.8	50.6	2022	R	congressional	
Rasmussen Reports	11/8 - 11/11	2500 LV	38	51	47.8	50.6	2022	R	congressional	
ABC News/Wash Post	11/7 - 11/10	882 RV	41	51	47.8	50.6	2022	R	congressional	
Economist/YouGov	11/6 - 11/9	1258 RV	44	37	47.8	50.6	2022	R	congressional	
Politico/Morning Consult	11/5 - 11/7	1998 RV	44	42	47.8	50.6	2022	R	congressional	
USA Today/Suffolk	11/3 - 11/5	1000 RV	38	46	47.8	50.6	2022	R	congressional	
Emerson	11/3 - 11/4	1000 RV	42	49	47.8	50.6	2022	R	congressional	
CNN	11/1 - 11/4	859 RV	49	44	47.8	50.6	2022	R	congressional	
Economist/YouGov	10/30 - 11/2	1303 RV	44	37	47.8	50.6	2022	R	congressional	
Politico/Morning Consult	10/30 - 11/1	1996 RV	42	42	47.8	50.6	2022	R	congressional	
Harvard-Harris	10/26 - 10/28	1578 RV	42	45	47.8	50.6	2022	R	congressional	
Economist/YouGov	10/24 - 10/26	1261 RV	44	38	47.8	50.6	2022	R	congressional	
NBC News	10/23 - 10/26	820 RV	47	45	47.8	50.6	2022	R	congressional	
Politico/Morning Consult	10/22 - 10/24	1999 RV	44	42	47.8	50.6	2022	R	congressional	
NPR/PBS/Marist	10/18 - 10/22	1032 RV	44	41	47.8	50.6	2022	R	congressional	
Economist/YouGov	10/16 - 10/19	1268 RV	42	37	47.8	50.6	2022	R	congressional	
Politico/Morning Consult	10/16 - 10/18	1998 RV	45	40	47.8	50.6	2022	R	congressional	
CNBC	10/14 - 10/17	800 A	43	41	47.8	50.6	2022	R	congressional	
Economist/YouGov	10/9 - 10/12	1266 RV	45	37	47.8	50.6	2022	R	congressional	
Politico/Morning Consult	10/8 - 10/11	1999 RV	43	41	47.8	50.6	2022	R	congressional	
Economist/YouGov	10/3 - 10/5	1261 RV	43	36	47.8	50.6	2022	R	congressional	
Politico/Morning Consult	10/2 - 10/4	1998 RV	43	42	47.8	50.6	2022	R	congressional	
Quinnipiac	10/1 - 10/4	1177 RV	44	47	47.8	50.6	2022	R	congressional	
Economist/YouGov	9/26 - 9/28	1246 RV	52	48	47.8	50.6	2022	R	congressional	
Politico/Morning Consult	9/24 - 9/27	1999 RV	45	41	47.8	50.6	2022	R	congressional	
NPR/PBS/Marist	9/20 - 9/26	1029 RV	46	38	47.8	50.6	2022	R	congressional	
Economist/YouGov	9/18 - 9/21	1281 RV	52	48	47.8	50.6	2022	R	congressional	
Politico/Morning Consult	9/18 - 9/20	1998 RV	44	40	47.8	50.6	2022	R	congressional	
Quinnipiac	9/10 - 9/13	RV	47	43	47.8	50.6	2022	R	congressional	
CNBC/Change Research (D)	8/30 - 9/2	LV	49	45	47.8	50.6	2022	R	congressional	
CNN	8/3 - 9/7	1838 RV	45	44	47.8	50.6	2022	R	congressional	
NBC News	8/14 - 8/17	790 RV	47	46	47.8	50.6	2022	R	congressional	
Federalist/Susquehanna**	8/12 - 8/18	800 LV	38	39	47.8	50.6	2022	R	congressional	
Quinnipiac	7/27 - 8/2	RV	45	44	47.8	50.6	2022	R	congressional	
Democracy Corps (D)	6/14 - 6/21	2000 RV	46	44	47.8	50.6	2022	R	congressional	
Quinnipiac	5/18 - 5/24	1316 A	49	40	47.8	50.6	2022	R	congressional	
NBC News	4/17 - 4/20	790 RV	47	42	47.8	50.6	2022	R	congressional	
Democracy Corps (D)	2/18 - 2/23	1000 RV	48	42	47.8	50.6	2022	R	congressional	
										
										
RCP Average	10/25 - 11/2	--	49.3	42.5	50.8	47.7	2020	D	congressional	
Economist/YouGov	10/31 - 11/2	1363 LV	52	42	50.8	47.7	2020	D	congressional	
NBC News/Wall St. Jrnl	10/29 - 10/31	1000 RV	48	43	50.8	47.7	2020	D	congressional	
Politico/Morning Consult	10/29 - 10/31	14663 LV	50	43	50.8	47.7	2020	D	congressional	
The Hill/HarrisX	10/25 - 10/28	2359 LV	47	42	50.8	47.7	2020	D	congressional	
Economist/YouGov	10/25 - 10/27	1365 LV	52	42	50.8	47.7	2020	D	congressional	
USC Dornsife	10/20 - 11/2	5413 LV	53	45	50.8	47.7	2020	D	congressional	
USA Today/Suffolk	10/23 - 10/27	1000 LV	49	39	50.8	47.7	2020	D	congressional	
CNN	10/23 - 10/26	886 LV	54	42	50.8	47.7	2020	D	congressional	
Economist/YouGov	10/18 - 10/20	1344 LV	50	43	50.8	47.7	2020	D	congressional	
Economist/YouGov	10/11 - 10/13	1333 LV	49	41	50.8	47.7	2020	D	congressional	
NBC News/Wall St. Jrnl	10/9 - 10/12	1000 RV	49	42	50.8	47.7	2020	D	congressional	
Economist/YouGov	9/27 - 9/30	1350 LV	48	42	50.8	47.7	2020	D	congressional	
Monmouth	9/24 - 9/27	809 LV	50	44	50.8	47.7	2020	D	congressional	
Economist/YouGov	9/20 - 9/22	1124 LV	47	43	50.8	47.7	2020	D	congressional	
Politico/Morning Consult	9/18 - 9/20	1989 RV	47	41	50.8	47.7	2020	D	congressional	
NBC News/Wall St. Jrnl	9/13 - 9/16	1000 RV	49	42	50.8	47.7	2020	D	congressional	
Economist/YouGov	9/13 - 9/15	1062 LV	48	41	50.8	47.7	2020	D	congressional	
Economist/YouGov	9/6 - 9/8	1057 LV	48	41	50.8	47.7	2020	D	congressional	
Monmouth	9/3 - 9/8	758 LV	49	45	50.8	47.7	2020	D	congressional	
Economist/YouGov	8/30 - 9/1	1207 RV	51	38	50.8	47.7	2020	D	congressional	
USA Today/Suffolk	8/28 - 8/31	1000 RV	48	42	50.8	47.7	2020	D	congressional	
Grinnell/Selzer	8/26 - 8/30	827 LV	48	41	50.8	47.7	2020	D	congressional	
Economist/YouGov	8/23 - 8/25	1254 RV	47	39	50.8	47.7	2020	D	congressional	
Economist/YouGov	8/16 - 8/18	1246 RV	49	38	50.8	47.7	2020	D	congressional	
NBC News/Wall St. Jrnl	8/9 - 8/12	900 RV	47	42	50.8	47.7	2020	D	congressional	
Economist/YouGov	8/9 - 8/11	1208 RV	49	39	50.8	47.7	2020	D	congressional	
NPR/PBS/Marist	8/3 - 8/11	1108 RV	49	43	50.8	47.7	2020	D	congressional	
GU Politics/Battleground	8/1 - 8/6	1000 LV	50	44	50.8	47.7	2020	D	congressional	
Economist/YouGov	8/2 - 8/4	1229 RV	50	38	50.8	47.7	2020	D	congressional	
Emerson	7/29 - 7/30	964 LV	46	41	50.8	47.7	2020	D	congressional	
Economist/YouGov	7/26 - 7/28	1260 RV	48	40	50.8	47.7	2020	D	congressional	
Economist/YouGov	7/19 - 7/21	1222 RV	47	40	50.8	47.7	2020	D	congressional	
Politico/Morning Consult	7/17 - 7/19	1991 RV	47	37	50.8	47.7	2020	D	congressional	
Economist/YouGov	7/12 - 7/14	1252 RV	48	40	50.8	47.7	2020	D	congressional	
NBC News/Wall St. Jrnl	7/9 - 7/12	900 RV	47	43	50.8	47.7	2020	D	congressional	
Economist/YouGov	7/5 - 7/7	1165 RV	51	40	50.8	47.7	2020	D	congressional	
Economist/YouGov	6/28 - 6/30	1198 RV	49	40	50.8	47.7	2020	D	congressional	
Monmouth	6/26 - 6/30	733 RV	50	42	50.8	47.7	2020	D	congressional	
USA Today/Suffolk	6/25 - 6/29	1000 RV	51	37	50.8	47.7	2020	D	congressional	
Economist/YouGov	6/21 - 6/23	1230 RV	48	41	50.8	47.7	2020	D	congressional	
Economist/YouGov	6/14 - 6/16	1160 RV	49	40	50.8	47.7	2020	D	congressional	
Economist/YouGov	6/7 - 6/9	1241 RV	47	39	50.8	47.7	2020	D	congressional	
NBC News/Wall St. Jrnl	5/28 - 6/2	1000 RV	51	40	50.8	47.7	2020	D	congressional	
Economist/YouGov	5/31 - 6/2	1244 RV	46	40	50.8	47.7	2020	D	congressional	
Monmouth	5/28 - 6/1	742 RV	52	43	50.8	47.7	2020	D	congressional	
Economist/YouGov	5/23 - 5/26	1157 RV	47	39	50.8	47.7	2020	D	congressional	
Economist/YouGov	5/17 - 5/19	1235 RV	47	38	50.8	47.7	2020	D	congressional	
Economist/YouGov	5/10 - 5/12	1175 RV	48	41	50.8	47.7	2020	D	congressional	
Economist/YouGov	5/3 - 5/5	1209 RV	47	39	50.8	47.7	2020	D	congressional	
Politico/Morning Consult	5/2 - 5/3	1987 RV	44	39	50.8	47.7	2020	D	congressional	
Monmouth	4/30 - 5/4	739 RV	52	42	50.8	47.7	2020	D	congressional	
Economist/YouGov	4/26 - 4/28	1222 RV	46	38	50.8	47.7	2020	D	congressional	
Economist/YouGov	4/19 - 4/21	1144 RV	46	38	50.8	47.7	2020	D	congressional	
Politico/Morning Consult	4/18 - 4/19	1991 RV	44	39	50.8	47.7	2020	D	congressional	
Economist/YouGov	4/12 - 4/14	1166 RV	47	40	50.8	47.7	2020	D	congressional	
Economist/YouGov	4/5 - 4/7	1147 RV	48	39	50.8	47.7	2020	D	congressional	
Politico/Morning Consult	4/3 - 4/5	1990 RV	46	38	50.8	47.7	2020	D	congressional	
Economist/YouGov	3/29 - 3/31	1194 RV	48	39	50.8	47.7	2020	D	congressional	
Grinnell/Selzer	3/27 - 3/30	777 LV	50	41	50.8	47.7	2020	D	congressional	
Economist/YouGov	3/15 - 3/17	1129 RV	49	39	50.8	47.7	2020	D	congressional	
Economist/YouGov	3/8 - 3/10	1191 RV	47	42	50.8	47.7	2020	D	congressional	
Politico/Morning Consult	3/6 - 3/8	1992 RV	46	40	50.8	47.7	2020	D	congressional	
CNN	3/4 - 3/7	1084 RV	53	44	50.8	47.7	2020	D	congressional	
Economist/YouGov	3/1 - 3/3	1134 RV	51	38	50.8	47.7	2020	D	congressional	
Economist/YouGov	2/23 - 2/25	1184 RV	48	40	50.8	47.7	2020	D	congressional	
Politico/Morning Consult	2/21 - 2/23	1992 RV	45	39	50.8	47.7	2020	D	congressional	
Economist/YouGov	2/16 - 2/18	1150 RV	48	41	50.8	47.7	2020	D	congressional	
NPR/PBS/Marist	2/13 - 2/16	1164 RV	48	40	50.8	47.7	2020	D	congressional	
Politico/Morning Consult	2/7 - 1/9	1996 RV	45	41	50.8	47.7	2020	D	congressional	
Economist/YouGov	2/9 - 2/11	1140 RV	48	40	50.8	47.7	2020	D	congressional	
Economist/YouGov	2/2 - 2/4	1277 RV	48	41	50.8	47.7	2020	D	congressional	
NBC News/Wall St. Jrnl	1/26 - 1/29	1000 RV	49	43	50.8	47.7	2020	D	congressional	
Economist/YouGov	1/26 - 1/28	1182 RV	48	39	50.8	47.7	2020	D	congressional	
Politico/Morning Consult	1/24 - 1/26	1992 RV	45	39	50.8	47.7	2020	D	congressional	
Economist/YouGov	1/19 - 1/21	1176 RV	44	43	50.8	47.7	2020	D	congressional	
Economist/YouGov	1/11 - 1/14	1108 RV	46	42	50.8	47.7	2020	D	congressional	
Politico/Morning Consult	1/10 - 1/12	1996 RV	42	39	50.8	47.7	2020	D	congressional	
Economist/YouGov	1/5 - 1/7	1185 RV	48	40	50.8	47.7	2020	D	congressional	
Economist/YouGov	12/28 - 12/31	1123 RV	50	40	50.8	47.7	2020	D	congressional	
Economist/YouGov	12/22 - 12/24	1240 RV	47	41	50.8	47.7	2020	D	congressional	
NBC News/Wall St. Jrnl	12/14 - 12/17	733 RV	49	42	50.8	47.7	2020	D	congressional	
Economist/YouGov	12/14 - 12/17	1164 RV	48	40	50.8	47.7	2020	D	congressional	
Economist/YouGov	12/7 - 12/10	1209 RV	48	40	50.8	47.7	2020	D	congressional	
Economist/YouGov	12/1 - 12/3	1200 RV	47	41	50.8	47.7	2020	D	congressional	
Economist/YouGov	11/24 - 11/26	1189 RV	47	41	50.8	47.7	2020	D	congressional	
Politico/Morning Consult	11/22 - 11/24	1988 RV	45	36	50.8	47.7	2020	D	congressional	
Economist/YouGov	11/17 - 11/19	1224 RV	46	39	50.8	47.7	2020	D	congressional	
NPR/PBS/Marist	11/11 - 11/15	988 RV	46	41	50.8	47.7	2020	D	congressional	
Economist/YouGov	11/10 - 11/12	1206 RV	49	40	50.8	47.7	2020	D	congressional	
Politico/Morning Consult	11/8 - 11/10	1993 RV	45	37	50.8	47.7	2020	D	congressional	
Economist/YouGov	11/3 - 11/5	1201 RV	47	41	50.8	47.7	2020	D	congressional	
NBC News/Wall St. Jrnl	10/27 - 10/30	720 RV	49	42	50.8	47.7	2020	D	congressional	
Economist/YouGov	10/27 - 10/29	1274 RV	47	41	50.8	47.7	2020	D	congressional	
Politico/Morning Consult	10/25 - 10/28	1997 RV	46	38	50.8	47.7	2020	D	congressional	
USA Today/Suffolk	10/23 - 10/26	1000 RV	46	46	50.8	47.7	2020	D	congressional	
Economist/YouGov	10/20 - 10/22	1204 RV	48	40	50.8	47.7	2020	D	congressional	
Economist/YouGov	10/13 - 10/15	1136 RV	49	39	50.8	47.7	2020	D	congressional	
Politico/Morning Consult	10/11 - 10/13	1993 RV	45	36	50.8	47.7	2020	D	congressional	
GU Politics/Battleground	10/6 - 10/10	1000 LV	48	42	50.8	47.7	2020	D	congressional	
NPR/PBS/Marist	10/3 - 10/8	926 RV	43	40	50.8	47.7	2020	D	congressional	
Economist/YouGov	10/6 - 10/8	1241 RV	46	42	50.8	47.7	2020	D	congressional	
Economist/YouGov	9/28 - 10/1	1087 RV	47	40	50.8	47.7	2020	D	congressional	
Politico/Morning Consult	9/27 - 9/30	2488 RV	46	38	50.8	47.7	2020	D	congressional	
Economist/YouGov	9/22 - 9/24	1198 RV	47	39	50.8	47.7	2020	D	congressional	
Economist/YouGov	9/14 - 9/17	1184 RV	47	39	50.8	47.7	2020	D	congressional	
Politico/Morning Consult	9/13 - 9/16	1994 RV	44	37	50.8	47.7	2020	D	congressional	
Economist/YouGov	9/8 - 9/10	1188 RV	49	38	50.8	47.7	2020	D	congressional	
Economist/YouGov	9/1 - 9/3	1069 RV	46	41	50.8	47.7	2020	D	congressional	
Economist/YouGov	8/24 - 8/27	1093 RV	48	37	50.8	47.7	2020	D	congressional	
Politico/Morning Consult	8/23 - 8/25	1987 RV	45	37	50.8	47.7	2020	D	congressional	
Economist/YouGov	8/17 - 8/20	1111 RV	47	39	50.8	47.7	2020	D	congressional	
Economist/YouGov	8/10 - 8/13	1127 RV	48	38	50.8	47.7	2020	D	congressional	
Politico/Morning Consult	8/9 - 8/11	1993 RV	43	37	50.8	47.7	2020	D	congressional	
Economist/YouGov	8/3 - 8/6	1161 RV	48	38	50.8	47.7	2020	D	congressional	
Economist/YouGov	7/27 - 7/30	1101 RV	48	37	50.8	47.7	2020	D	congressional	
Politico/Morning Consult	7/25 - 7/27	1994 RV	42	38	50.8	47.7	2020	D	congressional	
Economist/YouGov	7/21 - 7/23	1212 RV	47	40	50.8	47.7	2020	D	congressional	
Economist/YouGov	7/14 - 7/16	1149 RV	47	40	50.8	47.7	2020	D	congressional	
Politico/Morning Consult	7/12 - 7/14	1984 RV	44	35	50.8	47.7	2020	D	congressional	
Economist/YouGov	7/7 - 7/9	1140 RV	47	38	50.8	47.7	2020	D	congressional	
Economist/YouGov	6/30 - 7/2	1265 RV	48	39	50.8	47.7	2020	D	congressional	
Politico/Morning Consult	6/29 - 7/1	1472 RV	45	35	50.8	47.7	2020	D	congressional	
Economist/YouGov	6/22 - 6/25	1111 RV	46	40	50.8	47.7	2020	D	congressional	
Politico/Morning Consult	6/21 - 6/24	1991 RV	44	38	50.8	47.7	2020	D	congressional	
Economist/YouGov	6/16 - 6/18	1202 RV	47	39	50.8	47.7	2020	D	congressional	
Politico/Morning Consult	6/14 - 6/16	1992 RV	43	37	50.8	47.7	2020	D	congressional	
Economist/YouGov	6/9 - 6/11	1107 RV	46	40	50.8	47.7	2020	D	congressional	
Economist/YouGov	5/26 - 5/28	1120 RV	48	39	50.8	47.7	2020	D	congressional	
Politico/Morning Consult	5/10 - 5/12	1995 RV	43	37	50.8	47.7	2020	D	congressional	
Politico/Morning Consult	4/19 - 4/21	1992 RV	45	34	50.8	47.7	2020	D	congressional	
Politico/Morning Consult	4/12 - 4/14	1998 RV	42	39	50.8	47.7	2020	D	congressional	
Politico/Morning Consult	4/5 - 4/7	1992 RV	45	36	50.8	47.7	2020	D	congressional	
GU Politics/Battleground	3/31 - 4/4	1000 RV	42	37	50.8	47.7	2020	D	congressional	
Politico/Morning Consult	3/29 - 4/1	1945 RV	42	40	50.8	47.7	2020	D	congressional	
PPP (D)	3/27 - 3/28	846 RV	51	40	50.8	47.7	2020	D	congressional	
Politico/Morning Consult	3/22 - 3/24	1994 RV	43	38	50.8	47.7	2020	D	congressional	
Politico/Morning Consult	2/22 - 2/24	1994 RV	42	36	50.8	47.7	2020	D	congressional	
Emerson	2/14 - 2/16	1000 RV	53	47	50.8	47.7	2020	D	congressional	
Emerson	1/20 - 1/21	942 RV	52	48	50.8	47.7	2020	D	congressional	
Politico/Morning Consult	1/18 - 1/22	1996 RV	43	38	50.8	47.7	2020	D	congressional	
Emerson	12/6 - 12/9	800 RV	46	44	50.8	47.7	2020	D	congressional	
										
					`					
RCP Average	11/1 - 11/7	--	46	45.4	48	49.1	2016	R	congressional	
Bloomberg	11/4 - 11/6	799 LV	45	48	48	49.1	2016	R	congressional	
Economist/YouGov	11/4 - 11/7	3677 LV	45	42	48	49.1	2016	R	congressional	
FOX News	11/3 - 11/6	1295 LV	45	46	48	49.1	2016	R	congressional	
NBC News/Wall St. Jrnl	11/3 - 11/5	1282 LV	47	44	48	49.1	2016	R	congressional	
McClatchy/Marist	11/1 - 11/3	940 LV	48	47	48	49.1	2016	R	congressional	
Economist/YouGov	10/30 - 11/1	1228 LV	46	41	48	49.1	2016	R	congressional	
Reuters/Ipsos	10/29 - 11/2	1858 LV	42	41	48	49.1	2016	R	congressional	
CBS News/NY Times	10/28 - 11/1	1333 RV	49	46	48	49.1	2016	R	congressional	
Economist/YouGov	10/22 - 10/26	1209 LV	45	40	48	49.1	2016	R	congressional	
FOX News	10/22 - 10/25	1221 LV	47	45	48	49.1	2016	R	congressional	
ABC News	10/22 - 10/24	828 LV	47	46	48	49.1	2016	R	congressional	
Associated Press-GfK	10/20 - 10/24	1212 LV	46	41	48	49.1	2016	R	congressional	
CNN/ORC	10/20 - 10/23	779 LV	50	47	48	49.1	2016	R	congressional	
Reuters/Ipsos	10/20 - 10/24	1170 LV	44	39	48	49.1	2016	R	congressional	
Economist/YouGov	10/15 - 10/18	925 RV	43	38	48	49.1	2016	R	congressional	
Bloomberg	10/14 - 10/17	1006 LV	47	43	48	49.1	2016	R	congressional	
Reuters/Ipsos	10/13 - 10/17	1190 LV	43	39	48	49.1	2016	R	congressional	
CBS News	10/12 - 10/16	1189 LV	50	45	48	49.1	2016	R	congressional	
NBC News/Wall St. Jrnl	10/10 - 10/13	905 LV	47	44	48	49.1	2016	R	congressional	
ABC News/Wash Post	10/10 - 10/13	740 LV	47	44	48	49.1	2016	R	congressional	
FOX News	10/10 - 10/12	917 LV	48	42	48	49.1	2016	R	congressional	
GWU/Battleground	10/8 - 10/13	1000 LV	47	42	48	49.1	2016	R	congressional	
NBC News/Wall St. Jrnl	10/8 - 10/10	900 RV	48	42	48	49.1	2016	R	congressional	
Reuters/Ipsos	10/6 - 10/10	2363 A	46	36	48	49.1	2016	R	congressional	
NBC News/Wall St. Jrnl	10/8 - 10/9	500 RV	49	42	48	49.1	2016	R	congressional	
Economist/YouGov	10/7 - 10/8	971 RV	42	39	48	49.1	2016	R	congressional	
Economist/YouGov	10/1 - 10/3	911 RV	43	37	48	49.1	2016	R	congressional	
Reuters/Ipsos	9/29 - 10/3	1669 RV	42	38	48	49.1	2016	R	congressional	
FOX News	9/27 - 9/29	911 LV	44	43	48	49.1	2016	R	congressional	
Reuters/Ipsos	9/22 - 9/26	1041 LV	42	36	48	49.1	2016	R	congressional	
Bloomberg	9/21 - 9/24	1002 LV	46	44	48	49.1	2016	R	congressional	
Economist/YouGov	9/22 - 9/24	948 RV	43	38	48	49.1	2016	R	congressional	
NBC News/Wall St. Jrnl	9/16 - 9/19	1000 RV	48	45	48	49.1	2016	R	congressional	
McClatchy/Marist	9/15 - 9/20	758 LV	49	45	48	49.1	2016	R	congressional	
Economist/YouGov	9/18 - 9/19	936 RV	43	36	48	49.1	2016	R	congressional	
Reuters/Ipsos	9/15 - 9/19	1111 LV	39	40	48	49.1	2016	R	congressional	
Economist/YouGov	9/10 - 9/13	926 RV	44	38	48	49.1	2016	R	congressional	
Reuters/Ipsos	9/8 - 9/12	1752 A	40	38	48	49.1	2016	R	congressional	
Economist/YouGov	9/4 - 9/6	955 RV	41	38	48	49.1	2016	R	congressional	
Reuters/Ipsos	9/1 - 9/5	1084 LV	40	39	48	49.1	2016	R	congressional	
CNN/ORC	9/1 - 9/4	786 LV	47	49	48	49.1	2016	R	congressional	
GWU/Battleground	8/28 - 9/1	1000 LV	45	43	48	49.1	2016	R	congressional	
McClatchy/Marist	8/1 - 8/3	983 RV	49	41	48	49.1	2016	R	congressional	
NBC News/Wall St. Jrnl	7/31 - 8/3	800 RV	47	43	48	49.1	2016	R	congressional	
PPP (D)	7/29 - 7/30	1276 LV	47	44	48	49.1	2016	R	congressional	
FOX News	6/26 - 6/28	1017 RV	46	41	48	49.1	2016	R	congressional	
NBC News/Wall St. Jrnl	6/19 - 6/23	1000 RV	46	46	48	49.1	2016	R	congressional	
NBC News/Wall St. Jrnl	5/15 - 5/19	1000 RV	48	44	48	49.1	2016	R	congressional	
ABC News/Wash Post	5/16 - 5/19	829 RV	45	45	48	49.1	2016	R	congressional	
GWU/Battleground	4/17 - 4/20	1000 LV	46	41	48	49.1	2016	R	congressional	
NBC News/Wall St. Jrnl	4/10 - 4/14	1000 RV	47	45	48	49.1	2016	R	congressional	
PPP (D)	3/24 - 3/26	1083 RV	43	43	48	49.1	2016	R	congressional	
PPP (D)	2/2 - 2/3	1236 RV	47	41	48	49.1	2016	R	congressional	
PPP (D)	12/16 - 12/17	1267 RV	43	43	48	49.1	2016	R	congressional	
NBC News/Wall St. Jrnl	10/25 - 10/29	847 RV	45	45	48	49.1	2016	R	congressional	
Quinnipiac	7/23 - 7/28	1644 RV	37	39	48	49.1	2016	R	congressional	
Quinnipiac	5/19 - 5/26	1711 RV	39	36	48	49.1	2016	R	congressional	
Rasmussen Reports	5/10 - 5/14	2500 LV	38	38	48	49.1	2016	R	congressional	
										
										
RCP Average	10/15 - 11/2	--	43.2	45.6	45.7	51.4	2014	R	congressional	
NBC News/Wall St. Jrnl	10/30 - 11/1	826 LV	48	48	45.7	51.4	2014	R	congressional	
Rasmussen Reports	10/27 - 11/2	3500 LV	41	44	45.7	51.4	2014	R	congressional	
FOX News	10/25 - 10/27	734 LV	45	44	45.7	51.4	2014	R	congressional	
CBS News	10/23 - 10/27	624 LV	42	50	45.7	51.4	2014	R	congressional	
CNN/Opinion Research	10/24 - 10/26	540 LV	47	46	45.7	51.4	2014	R	congressional	
ABC News/Wash Post	10/23 - 10/26	758 LV	44	50	45.7	51.4	2014	R	congressional	
USA Today/PSRAI	10/23 - 10/26	697 LV	43	42	45.7	51.4	2014	R	congressional	
Rasmussen Reports	10/20 - 10/26	3500 LV	41	43	45.7	51.4	2014	R	congressional	
Associated Press/GfK	10/16 - 10/20	968 LV	32	40	45.7	51.4	2014	R	congressional	
Pew Research	10/15 - 10/20	1126 LV	47	46	45.7	51.4	2014	R	congressional	
Rasmussen Reports	10/13 - 10/19	3500 LV	41	41	45.7	51.4	2014	R	congressional	
FOX News	10/12 - 10/14	831 LV	42	45	45.7	51.4	2014	R	congressional	
ABC News/Wash Post	10/9 - 10/12	629 LV	43	50	45.7	51.4	2014	R	congressional	
NBC News/Wall St. Jrnl	10/8 - 10/12	666 LV	47	48	45.7	51.4	2014	R	congressional	
Rasmussen Reports	10/6 - 10/12	3500 LV	40	40	45.7	51.4	2014	R	congressional	
CBS News	10/3 - 10/6	575 LV	43	49	45.7	51.4	2014	R	congressional	
Rasmussen Reports	9/29 - 10/5	3500 LV	41	39	45.7	51.4	2014	R	congressional	
FOX News	9/28 - 9/30	845 LV	40	47	45.7	51.4	2014	R	congressional	
Gallup	9/25 - 9/30	1095 RV	46	47	45.7	51.4	2014	R	congressional	
McClatchy/Marist	9/24 - 9/29	884 RV	45	44	45.7	51.4	2014	R	congressional	
CNN/Opinion Research	9/25 - 9/28	701 LV	47	45	45.7	51.4	2014	R	congressional	
Rasmussen Reports	9/22 - 9/28	3500 LV	40	39	45.7	51.4	2014	R	congressional	
Rasmussen Reports	9/15 - 9/21	3500 LV	40	40	45.7	51.4	2014	R	congressional	
CBS News/NY Times	9/12 - 9/15	470 LV	42	49	45.7	51.4	2014	R	congressional	
Rasmussen Reports	9/8 - 9/14	3500 LV	41	38	45.7	51.4	2014	R	congressional	
FOX News	9/7 - 9/9	833 LV	40	47	45.7	51.4	2014	R	congressional	
CNN/Opinion Research	9/5 - 9/7	LV	45	49	45.7	51.4	2014	R	congressional	
ABC News/Wash Post	9/4 - 9/7	LV	44	47	45.7	51.4	2014	R	congressional	
Pew Research	9/2 - 9/9	1150 LV	44	47	45.7	51.4	2014	R	congressional	
Rasmussen Reports	9/1 - 9/7	3500 LV	39	41	45.7	51.4	2014	R	congressional	
GWU/Battleground	8/23 - 8/28	1000 LV	42	46	45.7	51.4	2014	R	congressional	
Rasmussen Reports	8/25 - 8/31	3500 LV	40	41	45.7	51.4	2014	R	congressional	
USA Today/Pew Research	8/20 - 8/24	1171 RV	47	42	45.7	51.4	2014	R	congressional	
Rasmussen Reports	8/18 - 8/24	3500 LV	39	40	45.7	51.4	2014	R	congressional	
Rasmussen Reports	8/11 - 8/17	3500 LV	39	39	45.7	51.4	2014	R	congressional	
FOX News	8/10 - 8/12	1001 RV	46	39	45.7	51.4	2014	R	congressional	
Gallup	8/7 - 8/10	RV	47	45	45.7	51.4	2014	R	congressional	
Reason-Rupe/PSRAI	8/6 - 8/10	LV	42	41	45.7	51.4	2014	R	congressional	
McClatchy/Marist	8/4 - 8/7	806 RV	38	43	45.7	51.4	2014	R	congressional	
Rasmussen Reports	8/4 - 8/10	3500 LV	39	40	45.7	51.4	2014	R	congressional	
CBS News	7/29 - 8/4	RV	41	37	45.7	51.4	2014	R	congressional	
Rasmussen Reports	7/28 - 8/3	3500 LV	38	42	45.7	51.4	2014	R	congressional	
FOX News	7/20 - 7/22	1057 RV	43	41	45.7	51.4	2014	R	congressional	
Rasmussen Reports	7/21 - 7/27	3500 LV	41	39	45.7	51.4	2014	R	congressional	
CNN/Opinion Research	7/18 - 7/20	899 RV	48	44	45.7	51.4	2014	R	congressional	
Pew Research	7/8 - 7/14	1420 RV	47	45	45.7	51.4	2014	R	congressional	
Rasmussen Reports	7/14 - 7/20	3500 LV	39	39	45.7	51.4	2014	R	congressional	
Rasmussen Reports	7/7 - 7/13	3500 LV	39	38	45.7	51.4	2014	R	congressional	
Quinnipiac	6/24 - 6/30	1446 RV	41	39	45.7	51.4	2014	R	congressional	
Rasmussen Reports	6/30 - 7/6	3500 LV	41	38	45.7	51.4	2014	R	congressional	
Rasmussen Reports	6/23 - 6/29	3500 LV	40	38	45.7	51.4	2014	R	congressional	
FOX News	6/21 - 6/23	1018 RV	42	42	45.7	51.4	2014	R	congressional	
CBS News/NY Times	6/20 - 6/22	RV	42	39	45.7	51.4	2014	R	congressional	
Rasmussen Reports	6/16 - 6/22	3500 LV	40	38	45.7	51.4	2014	R	congressional	
Rasmussen Reports	6/9 - 6/15	3500 LV	39	37	45.7	51.4	2014	R	congressional	
Bloomberg	6/6 - 6/9	763 LV	43	43	45.7	51.4	2014	R	congressional	
Rasmussen Reports	6/2 - 6/8	3500 LV	41	37	45.7	51.4	2014	R	congressional	
FOX News	6/1 - 6/3	1006 RV	39	43	45.7	51.4	2014	R	congressional	
ABC News/Wash Post	5/29 - 6/1	RV	47	45	45.7	51.4	2014	R	congressional	
Rasmussen Reports	5/26 - 6/1	3500 LV	41	38	45.7	51.4	2014	R	congressional	
Rasmussen Reports	5/19 - 5/25	3500 LV	42	38	45.7	51.4	2014	R	congressional	
CBS News	5/16 - 5/19	RV	40	39	45.7	51.4	2014	R	congressional	
Rasmussen Reports	5/12 - 5/18	3500 LV	41	37	45.7	51.4	2014	R	congressional	
FOX News	5/10 - 5/13	1025 RV	43	40	45.7	51.4	2014	R	congressional	
Rasmussen Reports	5/5 - 5/11	3500 LV	40	38	45.7	51.4	2014	R	congressional	
CNN/Opinion Research	5/2 - 5/4	911 RV	45	46	45.7	51.4	2014	R	congressional	
Rasmussen Reports	4/28 - 5/4	3500 LV	41	37	45.7	51.4	2014	R	congressional	
Gallup	4/24 - 4/30	RV	49	44	45.7	51.4	2014	R	congressional	
ABC News/Wash Post	4/24 - 4/27	855 RV	45	44	45.7	51.4	2014	R	congressional	
USA Today/Pew Research	4/23 - 4/27	1162 RV	43	47	45.7	51.4	2014	R	congressional	
Rasmussen Reports	4/21 - 4/27	3500 LV	38	40	45.7	51.4	2014	R	congressional	
Rasmussen Reports	4/14 - 4/20	3500 LV	40	41	45.7	51.4	2014	R	congressional	
FOX News	4/13 - 4/15	1012 RV	41	44	45.7	51.4	2014	R	congressional	
Rasmussen Reports	4/7 - 4/13	3500 LV	40	38	45.7	51.4	2014	R	congressional	
McClatchy/Marist	4/7 - 4/10	1036 RV	48	42	45.7	51.4	2014	R	congressional	
Rasmussen Reports	3/31 - 4/6	3500 LV	40	39	45.7	51.4	2014	R	congressional	
Quinnipiac	3/26 - 3/31	1578 RV	40	38	45.7	51.4	2014	R	congressional	
Reason-Rupe/PSRAI	3/26 - 3/30	1003 A	40	36	45.7	51.4	2014	R	congressional	
Rasmussen Reports	3/24 - 3/30	3500 LV	39	38	45.7	51.4	2014	R	congressional	
CBS News	3/20 - 3/23	RV	39	39	45.7	51.4	2014	R	congressional	
NPR/GQR/Resurgent	3/19 - 3/23	840 LV	44	43	45.7	51.4	2014	R	congressional	
GWU/Battleground	3/16 - 3/20	1000 LV	43	43	45.7	51.4	2014	R	congressional	
Rasmussen Reports	3/17 - 3/23	3500 LV	41	37	45.7	51.4	2014	R	congressional	
Rasmussen Reports	3/10 - 3/16	3500 LV	38	39	45.7	51.4	2014	R	congressional	
PPP (D)	3/6 - 3/9	1152 RV	43	40	45.7	51.4	2014	R	congressional	
Rasmussen Reports	3/3 - 3/9	3500 LV	39	39	45.7	51.4	2014	R	congressional	
FOX News	3/2 - 3/4	1002 RV	40	38	45.7	51.4	2014	R	congressional	
ABC News/Wash Post	2/27 - 3/2	RV	46	45	45.7	51.4	2014	R	congressional	
Rasmussen Reports	2/24 - 3/2	3500 LV	39	36	45.7	51.4	2014	R	congressional	
CBS News/NY Times	2/19 - 2/23	RV	39	42	45.7	51.4	2014	R	congressional	
Rasmussen Reports	2/17 - 2/23	3500 LV	41	37	45.7	51.4	2014	R	congressional	
Rasmussen Reports	2/10 - 2/16	3500 LV	41	37	45.7	51.4	2014	R	congressional	
McClatchy/Marist	2/4 - 2/9	970 RV	46	44	45.7	51.4	2014	R	congressional	
Rasmussen Reports	2/3 - 2/9	3500 LV	40	38	45.7	51.4	2014	R	congressional	
Rasmussen Reports	1/27 - 2/2	3500 LV	39	40	45.7	51.4	2014	R	congressional	
PPP (D)	1/23 - 1/26	845 RV	40	42	45.7	51.4	2014	R	congressional	
Rasmussen Reports	1/20 - 1/26	3500 LV	42	37	45.7	51.4	2014	R	congressional	
ABC News/Wash Post	1/20 - 1/23	RV	45	46	45.7	51.4	2014	R	congressional	
FOX News	1/19 - 1/21	1010 RV	41	43	45.7	51.4	2014	R	congressional	
Quinnipiac	1/15 - 1/19	1933 RV	37	38	45.7	51.4	2014	R	congressional	
GWU/Battleground	1/12 - 1/16	1000 LV	41	43	45.7	51.4	2014	R	congressional	
Rasmussen Reports	1/13 - 1/19	3500 LV	41	35	45.7	51.4	2014	R	congressional	
Rasmussen Reports	1/6 - 1/12	3500 LV	41	37	45.7	51.4	2014	R	congressional	
Quinnipiac	1/4 - 1/7	1487 RV	37	38	45.7	51.4	2014	R	congressional	
Rasmussen Reports	12/30 - 1/5	3500 LV	40	38	45.7	51.4	2014	R	congressional	
Rasmussen Reports	12/23 - 12/29	3500 LV	40	40	45.7	51.4	2014	R	congressional	
Rasmussen Reports	12/16 - 12/22	3500 LV	39	42	45.7	51.4	2014	R	congressional	
CNN/Opinion Research	12/16 - 12/19	950 RV	44	49	45.7	51.4	2014	R	congressional	
FOX News	12/14 - 12/16	1027 RV	43	43	45.7	51.4	2014	R	congressional	
ABC News/Wash Post	12/12 - 12/15	RV	47	45	45.7	51.4	2014	R	congressional	
PPP (D)	12/12 - 12/15	1316 RV	43	40	45.7	51.4	2014	R	congressional	
Rasmussen Reports	12/9 - 12/15	3500 LV	40	40	45.7	51.4	2014	R	congressional	
Quinnipiac	12/3 - 12/9	2692 RV	38	41	45.7	51.4	2014	R	congressional	
USA Today/Pew Research	12/3 - 12/8	1579 RV	48	44	45.7	51.4	2014	R	congressional	
Rasmussen Reports	12/2 - 12/8	3500 LV	38	43	45.7	51.4	2014	R	congressional	
McClatchy/Marist	12/3 - 12/5	988 RV	43	43	45.7	51.4	2014	R	congressional	
Rasmussen Reports	11/25 - 12/1	3500 LV	38	43	45.7	51.4	2014	R	congressional	
CNN/Opinion Research	11/18 - 11/20	749 RV	47	49	45.7	51.4	2014	R	congressional	
Rasmussen Reports	11/18 - 11/24	3500 LV	41	40	45.7	51.4	2014	R	congressional	
Rasmussen Reports	11/11 - 11/17	3500 LV	39	40	45.7	51.4	2014	R	congressional	
FOX News	11/10 - 11/12	1006 RV	40	43	45.7	51.4	2014	R	congressional	
Quinnipiac	11/6 - 11/11	2545 RV	39	39	45.7	51.4	2014	R	congressional	
Rasmussen Reports	11/4 - 11/10	3500 LV	41	39	45.7	51.4	2014	R	congressional	
Rasmussen Reports	10/28 - 11/3	3500 LV	43	37	45.7	51.4	2014	R	congressional	
PPP (D)	10/29 - 10/31	649 RV	44	38	45.7	51.4	2014	R	congressional	
GWU/Battleground	10/27 - 10/31	1000 LV	44	41	45.7	51.4	2014	R	congressional	
Rasmussen Reports	10/21 - 10/27	3500 LV	43	37	45.7	51.4	2014	R	congressional	
FOX News	10/20 - 10/22	1020 RV	45	37	45.7	51.4	2014	R	congressional	
CNN/Opinion Research	10/18 - 10/20	RV	50	42	45.7	51.4	2014	R	congressional	
ABC News/Wash Post	10/17 - 10/20	RV	48	40	45.7	51.4	2014	R	congressional	
Rasmussen Reports	10/14 - 10/20	3500 LV	43	36	45.7	51.4	2014	R	congressional	
Pew Research	10/9 - 10/13	1259 RV	49	43	45.7	51.4	2014	R	congressional	
Rasmussen Reports	10/7 - 10/13	3500 LV	45	38	45.7	51.4	2014	R	congressional	
Democracy Corps (D)	10/6 - 10/8	860 LV	47	43	45.7	51.4	2014	R	congressional	
PPP (D)	10/4 - 10/6	1000 RV	46	41	45.7	51.4	2014	R	congressional	
Rasmussen Reports	9/30 - 10/6	3500 LV	40	40	45.7	51.4	2014	R	congressional	
Rasmussen Reports	9/23 - 9/29	3500 LV	42	38	45.7	51.4	2014	R	congressional	
Quinnipiac	9/23 - 9/29	1497 RV	43	34	45.7	51.4	2014	R	congressional	
PPP (D)	9/25 - 9/26	790 RV	45	40	45.7	51.4	2014	R	congressional	
Rasmussen Reports	9/16 - 9/22	3500 LV	40	37	45.7	51.4	2014	R	congressional	
Rasmussen Reports	9/9 - 9/15	3500 LV	38	38	45.7	51.4	2014	R	congressional	
Rasmussen Reports	9/2 - 9/8	3500 LV	39	39	45.7	51.4	2014	R	congressional	
Rasmussen Reports	8/26 - 9/1	3500 LV	39	37	45.7	51.4	2014	R	congressional	
Rasmussen Reports	8/19 - 8/25	3500 LV	38	39	45.7	51.4	2014	R	congressional	
Rasmussen Reports	8/12 - 8/18	3500 LV	38	38	45.7	51.4	2014	R	congressional	
Rasmussen Reports	8/5 - 8/11	3500 LV	39	39	45.7	51.4	2014	R	congressional	
Rasmussen Reports	7/29 - 8/4	3500 LV	38	41	45.7	51.4	2014	R	congressional	
Quinnipiac	7/28 - 7/31	1468 RV	40	36	45.7	51.4	2014	R	congressional	
Rasmussen Reports	7/22 - 7/28	3500 LV	39	38	45.7	51.4	2014	R	congressional	
Rasmussen Reports	7/15 - 7/21	3500 LV	40	38	45.7	51.4	2014	R	congressional	
Democracy Corps (D)	7/10 - 7/15	841 LV	43	44	45.7	51.4	2014	R	congressional	
Rasmussen Reports	7/8 - 7/14	3500 LV	38	39	45.7	51.4	2014	R	congressional	
Quinnipiac	6/28 - 7/8	2014 RV	39	34	45.7	51.4	2014	R	congressional	
Rasmussen Reports	7/1 - 7/7	3500 LV	39	40	45.7	51.4	2014	R	congressional	
Rasmussen Reports	6/24 - 6/30	3500 LV	38	39	45.7	51.4	2014	R	congressional	
Rasmussen Reports	6/17 - 6/23	3500 LV	40	39	45.7	51.4	2014	R	congressional	
Rasmussen Reports	6/10 - 6/16	3500 LV	39	39	45.7	51.4	2014	R	congressional	
PPP (D)	6/11 - 6/13	603 RV	47	40	45.7	51.4	2014	R	congressional	
Rasmussen Reports	6/3 - 6/9	3500 LV	40	38	45.7	51.4	2014	R	congressional	
Rasmussen Reports	5/27 - 6/2	3500 LV	40	40	45.7	51.4	2014	R	congressional	
Quinnipiac	5/22 - 5/28	1419 RV	38	38	45.7	51.4	2014	R	congressional	
Rasmussen Reports	5/20 - 5/26	3500 LV	41	39	45.7	51.4	2014	R	congressional	
ABC News/Wash Post	5/16 - 5/19	RV	48	40	45.7	51.4	2014	R	congressional	
Rasmussen Reports	5/13 - 5/19	3500 LV	39	40	45.7	51.4	2014	R	congressional	
Rasmussen Reports	5/6 - 5/11	3500 LV	40	38	45.7	51.4	2014	R	congressional	
PPP (D)	5/6 - 5/9	1099 RV	45	43	45.7	51.4	2014	R	congressional	
Rasmussen Reports	4/29 - 5/5	3500 LV	40	38	45.7	51.4	2014	R	congressional	
Quinnipiac	4/25 - 4/29	1471 RV	41	37	45.7	51.4	2014	R	congressional	
Rasmussen Reports	4/22 - 4/28	3500 LV	39	40	45.7	51.4	2014	R	congressional	
Rasmussen Reports	4/15 - 4/21	3500 LV	41	39	45.7	51.4	2014	R	congressional	
Rasmussen Reports	4/8 - 4/14	3500 LV	42	38	45.7	51.4	2014	R	congressional	
Rasmussen Reports	4/1 - 4/7	3500 LV	41	38	45.7	51.4	2014	R	congressional	
Quinnipiac	3/26 - 4/1	1711 RV	43	35	45.7	51.4	2014	R	congressional	
PPP (D)	3/27 - 3/30	1247 RV	46	42	45.7	51.4	2014	R	congressional	
Rasmussen Reports	3/25 - 3/31	3500 LV	44	37	45.7	51.4	2014	R	congressional	
Rasmussen Reports	3/18 - 3/24	3500 LV	43	38	45.7	51.4	2014	R	congressional	
Rasmussen Reports	3/11 - 3/17	3500 LV	43	38	45.7	51.4	2014	R	congressional	
Democracy Corps (D)	3/9 - 3/12	840 LV	46	42	45.7	51.4	2014	R	congressional	
Rasmussen Reports	3/4 - 3/10	3500 LV	43	40	45.7	51.4	2014	R	congressional	
Rasmussen Reports	2/25 - 3/3	3500 LV	43	40	45.7	51.4	2014	R	congressional	
Rasmussen Reports	2/18 - 2/24	3500 LV	43	38	45.7	51.4	2014	R	congressional	
Rasmussen Reports	2/11 - 2/17	3500 LV	43	37	45.7	51.4	2014	R	congressional	
Rasmussen Reports	2/4 - 2/10	3500 LV	42	39	45.7	51.4	2014	R	congressional	
PPP (D)	1/31 - 2/3	800 RV	45	45	45.7	51.4	2014	R	congressional	
Rasmussen Reports	1/28 - 2/3	3000 LV	44	38	45.7	51.4	2014	R	congressional	
Rasmussen Reports	1/21 - 1/27	3000 LV	45	37	45.7	51.4	2014	R	congressional	
Rasmussen Reports	1/14 - 1/20	3000 LV	44	39	45.7	51.4	2014	R	congressional	
Democracy Corps (D)	1/10 - 1/14	852 LV	46	42	45.7	51.4	2014	R	congressional	
Rasmussen Reports	1/7 - 1/13	3000 LV	43	37	45.7	51.4	2014	R	congressional	
PPP (D)	1/3 - 1/6	1100 RV	47	41	45.7	51.4	2014	R	congressional	
Rasmussen Reports	1/2 - 1/6	3000 LV	44	38	45.7	51.4	2014	R	congressional	
Rasmussen Reports	12/26 - 12/30	3000 LV	46	35	45.7	51.4	2014	R	congressional	
Rasmussen Reports	12/17 - 12/22	3500 LV	44	38	45.7	51.4	2014	R	congressional	
Rasmussen Reports	12/10 - 12/16	3500 LV	46	38	45.7	51.4	2014	R	congressional	
Rasmussen Reports	12/3 - 12/9	3500 LV	46	36	45.7	51.4	2014	R	congressional	
Politico/GWU/Battleground	12/2 - 12/6	1000 LV	45	42	45.7	51.4	2014	R	congressional	
Rasmussen Reports	11/26 - 12/2	3500 LV	47	36	45.7	51.4	2014	R	congressional	
Rasmussen Reports	11/19 - 11/25	3500 LV	45	40	45.7	51.4	2014	R	congressional	
Rasmussen Reports	11/12 - 11/18	3500 LV	45	40	45.7	51.4	2014	R	congressional	
Rasmussen Reports	11/5 - 11/11	3500 LV	45	42	45.7	51.4	2014	R	congressional	
