pollster,date,sampleSize,dvalue,rvalue,year,winner,type,Type
NBC News/Wall St. Jrnl,11/1/2014,826,48,48,2014,R,congressional,congressional
Rasmussen Reports,11/2/2014,3500,41,44,2014,R,congressional,congressional
FOX News,10/27/2014,734,45,44,2014,R,congressional,congressional
CBS News,10/27/2014,624,42,50,2014,R,congressional,congressional
CNN/Opinion Research,10/26/2014,540,47,46,2014,R,congressional,congressional
ABC News/Wash Post,10/26/2014,758,44,50,2014,R,congressional,congressional
USA Today/PSRAI,10/26/2014,697,43,42,2014,R,congressional,congressional
Rasmussen Reports,10/26/2014,3500,41,43,2014,R,congressional,congressional
Associated Press/GfK,10/20/2014,968,32,40,2014,R,congressional,congressional
Pew Research,10/20/2014,1126,47,46,2014,R,congressional,congressional
Rasmussen Reports,10/19/2014,3500,41,41,2014,R,congressional,congressional
FOX News,10/14/2014,831,42,45,2014,R,congressional,congressional
ABC News/Wash Post,10/12/2014,629,43,50,2014,R,congressional,congressional
NBC News/Wall St. Jrnl,10/12/2014,666,47,48,2014,R,congressional,congressional
Rasmussen Reports,10/12/2014,3500,40,40,2014,R,congressional,congressional
CBS News,10/6/2014,575,43,49,2014,R,congressional,congressional
Rasmussen Reports,10/5/2014,3500,41,39,2014,R,congressional,congressional
FOX News,9/30/2014,845,40,47,2014,R,congressional,congressional
Gallup,9/30/2014,1095,46,47,2014,R,congressional,congressional
McClatchy/Marist,9/29/2014,884,45,44,2014,R,congressional,congressional
CNN/Opinion Research,9/28/2014,701,47,45,2014,R,congressional,congressional
Rasmussen Reports,9/28/2014,3500,40,39,2014,R,congressional,congressional
Rasmussen Reports,9/21/2014,3500,40,40,2014,R,congressional,congressional
CBS News/NY Times,9/15/2014,470,42,49,2014,R,congressional,congressional
Rasmussen Reports,9/14/2014,3500,41,38,2014,R,congressional,congressional
FOX News,9/9/2014,833,40,47,2014,R,congressional,congressional
CNN/Opinion Research,9/7/2014,,45,49,2014,R,congressional,congressional
ABC News/Wash Post,9/7/2014,,44,47,2014,R,congressional,congressional
Pew Research,9/9/2014,1150,44,47,2014,R,congressional,congressional
Rasmussen Reports,9/7/2014,3500,39,41,2014,R,congressional,congressional
GWU/Battleground,8/28/2014,1000,42,46,2014,R,congressional,congressional
Rasmussen Reports,8/31/2014,3500,40,41,2014,R,congressional,congressional
USA Today/Pew Research,8/24/2014,1171,47,42,2014,R,congressional,congressional
Rasmussen Reports,8/24/2014,3500,39,40,2014,R,congressional,congressional
Rasmussen Reports,8/17/2014,3500,39,39,2014,R,congressional,congressional
FOX News,8/12/2014,1001,46,39,2014,R,congressional,congressional
Gallup,8/10/2014,,47,45,2014,R,congressional,congressional
Reason-Rupe/PSRAI,8/10/2014,,42,41,2014,R,congressional,congressional
McClatchy/Marist,8/7/2014,806,38,43,2014,R,congressional,congressional
Rasmussen Reports,8/10/2014,3500,39,40,2014,R,congressional,congressional
CBS News,8/4/2014,,41,37,2014,R,congressional,congressional
Rasmussen Reports,8/3/2014,3500,38,42,2014,R,congressional,congressional
FOX News,7/22/2014,1057,43,41,2014,R,congressional,congressional
Rasmussen Reports,7/27/2014,3500,41,39,2014,R,congressional,congressional
CNN/Opinion Research,7/20/2014,899,48,44,2014,R,congressional,congressional
Pew Research,7/14/2014,1420,47,45,2014,R,congressional,congressional
Rasmussen Reports,7/20/2014,3500,39,39,2014,R,congressional,congressional
Rasmussen Reports,7/13/2014,3500,39,38,2014,R,congressional,congressional
Quinnipiac,6/30/2014,1446,41,39,2014,R,congressional,congressional
Rasmussen Reports,7/6/2014,3500,41,38,2014,R,congressional,congressional
Rasmussen Reports,6/29/2014,3500,40,38,2014,R,congressional,congressional
FOX News,6/23/2014,1018,42,42,2014,R,congressional,congressional
CBS News/NY Times,6/22/2014,,42,39,2014,R,congressional,congressional
Rasmussen Reports,6/22/2014,3500,40,38,2014,R,congressional,congressional
Rasmussen Reports,6/15/2014,3500,39,37,2014,R,congressional,congressional
Bloomberg,6/9/2014,763,43,43,2014,R,congressional,congressional
Rasmussen Reports,6/8/2014,3500,41,37,2014,R,congressional,congressional
FOX News,6/3/2014,1006,39,43,2014,R,congressional,congressional
ABC News/Wash Post,6/1/2014,,47,45,2014,R,congressional,congressional
Rasmussen Reports,6/1/2014,3500,41,38,2014,R,congressional,congressional
Rasmussen Reports,5/25/2014,3500,42,38,2014,R,congressional,congressional
CBS News,5/19/2014,,40,39,2014,R,congressional,congressional
Rasmussen Reports,5/18/2014,3500,41,37,2014,R,congressional,congressional
FOX News,5/13/2014,1025,43,40,2014,R,congressional,congressional
Rasmussen Reports,5/11/2014,3500,40,38,2014,R,congressional,congressional
CNN/Opinion Research,5/4/2014,911,45,46,2014,R,congressional,congressional
Rasmussen Reports,5/4/2014,3500,41,37,2014,R,congressional,congressional
Gallup,4/30/2014,,49,44,2014,R,congressional,congressional
ABC News/Wash Post,4/27/2014,855,45,44,2014,R,congressional,congressional
USA Today/Pew Research,4/27/2014,1162,43,47,2014,R,congressional,congressional
Rasmussen Reports,4/27/2014,3500,38,40,2014,R,congressional,congressional
Rasmussen Reports,4/20/2014,3500,40,41,2014,R,congressional,congressional
FOX News,4/15/2014,1012,41,44,2014,R,congressional,congressional
Rasmussen Reports,4/13/2014,3500,40,38,2014,R,congressional,congressional
McClatchy/Marist,4/10/2014,1036,48,42,2014,R,congressional,congressional
Rasmussen Reports,4/6/2014,3500,40,39,2014,R,congressional,congressional
Quinnipiac,3/31/2014,1578,40,38,2014,R,congressional,congressional
Reason-Rupe/PSRAI,3/30/2014,1003,40,36,2014,R,congressional,congressional
Rasmussen Reports,3/30/2014,3500,39,38,2014,R,congressional,congressional
CBS News,3/23/2014,,39,39,2014,R,congressional,congressional
NPR/GQR/Resurgent,3/23/2014,840,44,43,2014,R,congressional,congressional
GWU/Battleground,3/20/2014,1000,43,43,2014,R,congressional,congressional
Rasmussen Reports,3/23/2014,3500,41,37,2014,R,congressional,congressional
Rasmussen Reports,3/16/2014,3500,38,39,2014,R,congressional,congressional
PPP (D),3/9/2014,1152,43,40,2014,R,congressional,congressional
Rasmussen Reports,3/9/2014,3500,39,39,2014,R,congressional,congressional
FOX News,3/4/2014,1002,40,38,2014,R,congressional,congressional
ABC News/Wash Post,3/2/2014,,46,45,2014,R,congressional,congressional
Rasmussen Reports,3/2/2014,3500,39,36,2014,R,congressional,congressional
CBS News/NY Times,2/23/2014,,39,42,2014,R,congressional,congressional
Rasmussen Reports,2/23/2014,3500,41,37,2014,R,congressional,congressional
Rasmussen Reports,2/16/2014,3500,41,37,2014,R,congressional,congressional
McClatchy/Marist,2/9/2014,970,46,44,2014,R,congressional,congressional
Rasmussen Reports,2/9/2014,3500,40,38,2014,R,congressional,congressional
Rasmussen Reports,2/2/2014,3500,39,40,2014,R,congressional,congressional
PPP (D),1/26/2014,845,40,42,2014,R,congressional,congressional
Rasmussen Reports,1/26/2014,3500,42,37,2014,R,congressional,congressional
ABC News/Wash Post,1/23/2014,,45,46,2014,R,congressional,congressional
FOX News,1/21/2014,1010,41,43,2014,R,congressional,congressional
Quinnipiac,1/19/2014,1933,37,38,2014,R,congressional,congressional
GWU/Battleground,1/16/2014,1000,41,43,2014,R,congressional,congressional
Rasmussen Reports,1/19/2014,3500,41,35,2014,R,congressional,congressional
Rasmussen Reports,1/12/2014,3500,41,37,2014,R,congressional,congressional
Quinnipiac,1/7/2014,1487,37,38,2014,R,congressional,congressional
Rasmussen Reports,1/5/2014,3500,40,38,2014,R,congressional,congressional
Rasmussen Reports,12/29/2013,3500,40,40,2014,R,congressional,congressional
Rasmussen Reports,12/22/2013,3500,39,42,2014,R,congressional,congressional
CNN/Opinion Research,12/19/2013,950,44,49,2014,R,congressional,congressional
FOX News,12/16/2013,1027,43,43,2014,R,congressional,congressional
ABC News/Wash Post,12/15/2013,,47,45,2014,R,congressional,congressional
PPP (D),12/15/2013,1316,43,40,2014,R,congressional,congressional
Rasmussen Reports,12/15/2013,3500,40,40,2014,R,congressional,congressional
Quinnipiac,12/9/2013,2692,38,41,2014,R,congressional,congressional
USA Today/Pew Research,12/8/2013,1579,48,44,2014,R,congressional,congressional
Rasmussen Reports,12/8/2013,3500,38,43,2014,R,congressional,congressional
McClatchy/Marist,12/5/2013,988,43,43,2014,R,congressional,congressional
Rasmussen Reports,12/1/2013,3500,38,43,2014,R,congressional,congressional
CNN/Opinion Research,11/20/2013,749,47,49,2014,R,congressional,congressional
Rasmussen Reports,11/24/2013,3500,41,40,2014,R,congressional,congressional
Rasmussen Reports,11/17/2013,3500,39,40,2014,R,congressional,congressional
FOX News,11/12/2013,1006,40,43,2014,R,congressional,congressional
Quinnipiac,11/11/2013,2545,39,39,2014,R,congressional,congressional
Rasmussen Reports,11/10/2013,3500,41,39,2014,R,congressional,congressional
Rasmussen Reports,11/3/2013,3500,43,37,2014,R,congressional,congressional
PPP (D),10/31/2013,649,44,38,2014,R,congressional,congressional
GWU/Battleground,10/31/2013,1000,44,41,2014,R,congressional,congressional
Rasmussen Reports,10/27/2013,3500,43,37,2014,R,congressional,congressional
FOX News,10/22/2013,1020,45,37,2014,R,congressional,congressional
CNN/Opinion Research,10/20/2013,,50,42,2014,R,congressional,congressional
ABC News/Wash Post,10/20/2013,,48,40,2014,R,congressional,congressional
Rasmussen Reports,10/20/2013,3500,43,36,2014,R,congressional,congressional
Pew Research,10/13/2013,1259,49,43,2014,R,congressional,congressional
Rasmussen Reports,10/13/2013,3500,45,38,2014,R,congressional,congressional
Democracy Corps (D),10/8/2013,860,47,43,2014,R,congressional,congressional
PPP (D),10/6/2013,1000,46,41,2014,R,congressional,congressional
Rasmussen Reports,10/6/2013,3500,40,40,2014,R,congressional,congressional
Rasmussen Reports,9/29/2013,3500,42,38,2014,R,congressional,congressional
Quinnipiac,9/29/2013,1497,43,34,2014,R,congressional,congressional
PPP (D),9/26/2013,790,45,40,2014,R,congressional,congressional
Rasmussen Reports,9/22/2013,3500,40,37,2014,R,congressional,congressional
Rasmussen Reports,9/15/2013,3500,38,38,2014,R,congressional,congressional
Rasmussen Reports,9/8/2013,3500,39,39,2014,R,congressional,congressional
Rasmussen Reports,9/1/2013,3500,39,37,2014,R,congressional,congressional
Rasmussen Reports,8/25/2013,3500,38,39,2014,R,congressional,congressional
Rasmussen Reports,8/18/2013,3500,38,38,2014,R,congressional,congressional
Rasmussen Reports,8/11/2013,3500,39,39,2014,R,congressional,congressional
Rasmussen Reports,8/4/2013,3500,38,41,2014,R,congressional,congressional
Quinnipiac,7/31/2013,1468,40,36,2014,R,congressional,congressional
Rasmussen Reports,7/28/2013,3500,39,38,2014,R,congressional,congressional
Rasmussen Reports,7/21/2013,3500,40,38,2014,R,congressional,congressional
Democracy Corps (D),7/15/2013,841,43,44,2014,R,congressional,congressional
Rasmussen Reports,7/14/2013,3500,38,39,2014,R,congressional,congressional
Quinnipiac,7/8/2013,2014,39,34,2014,R,congressional,congressional
Rasmussen Reports,7/7/2013,3500,39,40,2014,R,congressional,congressional
Rasmussen Reports,6/30/2013,3500,38,39,2014,R,congressional,congressional
Rasmussen Reports,6/23/2013,3500,40,39,2014,R,congressional,congressional
Rasmussen Reports,6/16/2013,3500,39,39,2014,R,congressional,congressional
PPP (D),6/13/2013,603,47,40,2014,R,congressional,congressional
Rasmussen Reports,6/9/2013,3500,40,38,2014,R,congressional,congressional
Rasmussen Reports,6/2/2013,3500,40,40,2014,R,congressional,congressional
Quinnipiac,5/28/2013,1419,38,38,2014,R,congressional,congressional
Rasmussen Reports,5/26/2013,3500,41,39,2014,R,congressional,congressional
ABC News/Wash Post,5/19/2013,,48,40,2014,R,congressional,congressional
Rasmussen Reports,5/19/2013,3500,39,40,2014,R,congressional,congressional
Rasmussen Reports,5/11/2013,3500,40,38,2014,R,congressional,congressional
PPP (D),5/9/2013,1099,45,43,2014,R,congressional,congressional
Rasmussen Reports,5/5/2013,3500,40,38,2014,R,congressional,congressional
Quinnipiac,4/29/2013,1471,41,37,2014,R,congressional,congressional
Rasmussen Reports,4/28/2013,3500,39,40,2014,R,congressional,congressional
Rasmussen Reports,4/21/2013,3500,41,39,2014,R,congressional,congressional
Rasmussen Reports,4/14/2013,3500,42,38,2014,R,congressional,congressional
Rasmussen Reports,4/7/2013,3500,41,38,2014,R,congressional,congressional
Quinnipiac,4/1/2013,1711,43,35,2014,R,congressional,congressional
PPP (D),3/30/2013,1247,46,42,2014,R,congressional,congressional
Rasmussen Reports,3/31/2013,3500,44,37,2014,R,congressional,congressional
Rasmussen Reports,3/24/2013,3500,43,38,2014,R,congressional,congressional
Rasmussen Reports,3/17/2013,3500,43,38,2014,R,congressional,congressional
Democracy Corps (D),3/12/2013,840,46,42,2014,R,congressional,congressional
Rasmussen Reports,3/10/2013,3500,43,40,2014,R,congressional,congressional
Rasmussen Reports,3/3/2013,3500,43,40,2014,R,congressional,congressional
Rasmussen Reports,2/24/2013,3500,43,38,2014,R,congressional,congressional
Rasmussen Reports,2/17/2013,3500,43,37,2014,R,congressional,congressional
Rasmussen Reports,2/10/2013,3500,42,39,2014,R,congressional,congressional
PPP (D),2/3/2013,800,45,45,2014,R,congressional,congressional
Rasmussen Reports,2/3/2013,3000,44,38,2014,R,congressional,congressional
Rasmussen Reports,1/27/2013,3000,45,37,2014,R,congressional,congressional
Rasmussen Reports,1/20/2013,3000,44,39,2014,R,congressional,congressional
Democracy Corps (D),1/14/2013,852,46,42,2014,R,congressional,congressional
Rasmussen Reports,1/13/2013,3000,43,37,2014,R,congressional,congressional
PPP (D),1/6/2013,1100,47,41,2014,R,congressional,congressional
Rasmussen Reports,1/6/2013,3000,44,38,2014,R,congressional,congressional
Rasmussen Reports,12/30/2012,3000,46,35,2014,R,congressional,congressional
Rasmussen Reports,12/22/2012,3500,44,38,2014,R,congressional,congressional
Rasmussen Reports,12/16/2012,3500,46,38,2014,R,congressional,congressional
Rasmussen Reports,12/9/2012,3500,46,36,2014,R,congressional,congressional
Politico/GWU/Battleground,12/6/2012,1000,45,42,2014,R,congressional,congressional
Rasmussen Reports,12/2/2012,3500,47,36,2014,R,congressional,congressional
Rasmussen Reports,11/25/2012,3500,45,40,2014,R,congressional,congressional
Rasmussen Reports,11/18/2012,3500,45,40,2014,R,congressional,congressional
Rasmussen Reports,11/11/2012,3500,45,42,2014,R,congressional,congressional
Bloomberg,11/6/2016,799,45,48,2016,R,congressional,congressional
Economist/YouGov,11/7/2016,3677,45,42,2016,R,congressional,congressional
FOX News,11/6/2016,1295,45,46,2016,R,congressional,congressional
NBC News/Wall St. Jrnl,11/5/2016,1282,47,44,2016,R,congressional,congressional
McClatchy/Marist,11/3/2016,940,48,47,2016,R,congressional,congressional
Economist/YouGov,11/1/2016,1228,46,41,2016,R,congressional,congressional
Reuters/Ipsos,11/2/2016,1858,42,41,2016,R,congressional,congressional
CBS News/NY Times,11/1/2016,1333,49,46,2016,R,congressional,congressional
Economist/YouGov,10/26/2016,1209,45,40,2016,R,congressional,congressional
FOX News,10/25/2016,1221,47,45,2016,R,congressional,congressional
ABC News,10/24/2016,828,47,46,2016,R,congressional,congressional
Associated Press-GfK,10/24/2016,1212,46,41,2016,R,congressional,congressional
CNN/ORC,10/23/2016,779,50,47,2016,R,congressional,congressional
Reuters/Ipsos,10/24/2016,1170,44,39,2016,R,congressional,congressional
Economist/YouGov,10/18/2016,925,43,38,2016,R,congressional,congressional
Bloomberg,10/17/2016,1006,47,43,2016,R,congressional,congressional
Reuters/Ipsos,10/17/2016,1190,43,39,2016,R,congressional,congressional
CBS News,10/16/2016,1189,50,45,2016,R,congressional,congressional
NBC News/Wall St. Jrnl,10/13/2016,905,47,44,2016,R,congressional,congressional
ABC News/Wash Post,10/13/2016,740,47,44,2016,R,congressional,congressional
FOX News,10/12/2016,917,48,42,2016,R,congressional,congressional
GWU/Battleground,10/13/2016,1000,47,42,2016,R,congressional,congressional
NBC News/Wall St. Jrnl,10/10/2016,900,48,42,2016,R,congressional,congressional
Reuters/Ipsos,10/10/2016,2363,46,36,2016,R,congressional,congressional
NBC News/Wall St. Jrnl,10/9/2016,500,49,42,2016,R,congressional,congressional
Economist/YouGov,10/8/2016,971,42,39,2016,R,congressional,congressional
Economist/YouGov,10/3/2016,911,43,37,2016,R,congressional,congressional
Reuters/Ipsos,10/3/2016,1669,42,38,2016,R,congressional,congressional
FOX News,9/29/2016,911,44,43,2016,R,congressional,congressional
Reuters/Ipsos,9/26/2016,1041,42,36,2016,R,congressional,congressional
Bloomberg,9/24/2016,1002,46,44,2016,R,congressional,congressional
Economist/YouGov,9/24/2016,948,43,38,2016,R,congressional,congressional
NBC News/Wall St. Jrnl,9/19/2016,1000,48,45,2016,R,congressional,congressional
McClatchy/Marist,9/20/2016,758,49,45,2016,R,congressional,congressional
Economist/YouGov,9/19/2016,936,43,36,2016,R,congressional,congressional
Reuters/Ipsos,9/19/2016,1111,39,40,2016,R,congressional,congressional
Economist/YouGov,9/13/2016,926,44,38,2016,R,congressional,congressional
Reuters/Ipsos,9/12/2016,1752,40,38,2016,R,congressional,congressional
Economist/YouGov,9/6/2016,955,41,38,2016,R,congressional,congressional
Reuters/Ipsos,9/5/2016,1084,40,39,2016,R,congressional,congressional
CNN/ORC,9/4/2016,786,47,49,2016,R,congressional,congressional
GWU/Battleground,9/1/2016,1000,45,43,2016,R,congressional,congressional
McClatchy/Marist,8/3/2016,983,49,41,2016,R,congressional,congressional
NBC News/Wall St. Jrnl,8/3/2016,800,47,43,2016,R,congressional,congressional
PPP (D),7/30/2016,1276,47,44,2016,R,congressional,congressional
FOX News,6/28/2016,1017,46,41,2016,R,congressional,congressional
NBC News/Wall St. Jrnl,6/23/2016,1000,46,46,2016,R,congressional,congressional
NBC News/Wall St. Jrnl,5/19/2016,1000,48,44,2016,R,congressional,congressional
ABC News/Wash Post,5/19/2016,829,45,45,2016,R,congressional,congressional
GWU/Battleground,4/20/2016,1000,46,41,2016,R,congressional,congressional
NBC News/Wall St. Jrnl,4/14/2016,1000,47,45,2016,R,congressional,congressional
PPP (D),3/26/2016,1083,43,43,2016,R,congressional,congressional
PPP (D),2/3/2016,1236,47,41,2016,R,congressional,congressional
PPP (D),12/17/2015,1267,43,43,2016,R,congressional,congressional
NBC News/Wall St. Jrnl,10/29/2015,847,45,45,2016,R,congressional,congressional
Quinnipiac,7/28/2015,1644,37,39,2016,R,congressional,congressional
Quinnipiac,5/26/2015,1711,39,36,2016,R,congressional,congressional
Rasmussen Reports,5/14/2015,2500,38,38,2016,R,congressional,congressional
NBC News/Wall St. Jrnl,11/3/2018,774,50,43,2018,D,congressional,congressional
CNN,11/3/2018,1151,55,42,2018,D,congressional,congressional
ABC News/Wash Post,11/1/2018,737,52,44,2018,D,congressional,congressional
Rasmussen Reports,11/1/2018,2500,45,46,2018,D,congressional,congressional
IBD/TIPP,11/3/2018,798,50,41,2018,D,congressional,congressional
Economist/YouGov,10/30/2018,1296,47,42,2018,D,congressional,congressional
NPR/PBS/Marist,10/29/2018,509,52,43,2018,D,congressional,congressional
Harvard-Harris,10/28/2018,1835,47,38,2018,D,congressional,congressional
Reuters/Ipsos,10/30/2018,1383,49,42,2018,D,congressional,congressional
Rasmussen Reports,10/25/2018,2500,47,44,2018,D,congressional,congressional
Economist/YouGov,10/23/2018,1233,47,41,2018,D,congressional,congressional
NPR/PBS/Marist,10/23/2018,738,50,40,2018,D,congressional,congressional
Reuters/Ipsos,10/23/2018,2062,49,42,2018,D,congressional,congressional
USA Today/Suffolk,10/22/2018,1000,51,43,2018,D,congressional,congressional
Rasmussen Reports,10/18/2018,2500,47,44,2018,D,congressional,congressional
NBC News/Wall St. Jrnl,10/17/2018,645,50,41,2018,D,congressional,congressional
Economist/YouGov,10/16/2018,1273,46,41,2018,D,congressional,congressional
FOX News,10/16/2018,841,49,42,2018,D,congressional,congressional
Reuters/Ipsos,10/16/2018,1194,51,40,2018,D,congressional,congressional
ABC News/Wash Post,10/11/2018,991,53,42,2018,D,congressional,congressional
Rasmussen Reports,10/11/2018,2500,45,44,2018,D,congressional,congressional
Economist/YouGov,10/9/2018,1162,47,41,2018,D,congressional,congressional
Reuters/Ipsos,10/9/2018,2012,50,38,2018,D,congressional,congressional
CNBC,10/7/2018,800,42,36,2018,D,congressional,congressional
CNN,10/7/2018,739,54,41,2018,D,congressional,congressional
Emerson,10/4/2018,1000,50,42,2018,D,congressional,congressional
Rasmussen Reports,10/4/2018,2500,45,45,2018,D,congressional,congressional
Economist/YouGov,10/2/2018,1227,45,40,2018,D,congressional,congressional
NPR/PBS/Marist,10/1/2018,996,48,42,2018,D,congressional,congressional
IBD/TIPP,10/3/2018,846,45,43,2018,D,congressional,congressional
Reuters/Ipsos,10/2/2018,1840,50,38,2018,D,congressional,congressional
Harvard-Harris,9/30/2018,1330,45,37,2018,D,congressional,congressional
Quinnipiac,9/30/2018,1111,49,42,2018,D,congressional,congressional
Rasmussen Reports,9/27/2018,2500,47,42,2018,D,congressional,congressional
Harvard-Harris,9/27/2018,1228,45,36,2018,D,congressional,congressional
Economist/YouGov,9/25/2018,1238,46,38,2018,D,congressional,congressional
NPR/PBS/Marist,9/24/2018,802,48,41,2018,D,congressional,congressional
Reuters/Ipsos,9/25/2018,1425,48,41,2018,D,congressional,congressional
Pew Research,9/24/2018,1439,52,42,2018,D,congressional,congressional
Gallup,9/23/2018,1308,51,42,2018,D,congressional,congressional
Rasmussen Reports,9/20/2018,2500,46,43,2018,D,congressional,congressional
FOX News,9/19/2018,818,49,42,2018,D,congressional,congressional
NBC News/Wall St. Jrnl,9/19/2018,594,51,43,2018,D,congressional,congressional
Economist/YouGov,9/18/2018,1195,45,41,2018,D,congressional,congressional
Reuters/Ipsos,9/18/2018,1304,48,41,2018,D,congressional,congressional
Rasmussen Reports,9/13/2018,2500,47,42,2018,D,congressional,congressional
Economist/YouGov,9/11/2018,1220,44,41,2018,D,congressional,congressional
Reuters/Ipsos,9/11/2018,1226,49,41,2018,D,congressional,congressional
Quinnipiac,9/9/2018,1038,52,38,2018,D,congressional,congressional
CNN,9/9/2018,775,52,42,2018,D,congressional,congressional
NPR/Marist,9/9/2018,777,50,38,2018,D,congressional,congressional
Rasmussen Reports,9/6/2018,2500,46,42,2018,D,congressional,congressional
Economist/YouGov,9/4/2018,1254,45,40,2018,D,congressional,congressional
Reuters/Ipsos,9/4/2018,2012,44,35,2018,D,congressional,congressional
Grinnell/Selzer,9/2/2018,779,45,43,2018,D,congressional,congressional
Emerson,8/31/2018,1000,52,39,2018,D,congressional,congressional
Rasmussen Reports,8/30/2018,2500,46,42,2018,D,congressional,congressional
ABC News/Wash Post,8/29/2018,879,52,38,2018,D,congressional,congressional
Economist/YouGov,8/28/2018,1249,45,39,2018,D,congressional,congressional
USA Today/Suffolk,8/28/2018,1000,50,39,2018,D,congressional,congressional
IBD/TIPP,8/30/2018,857,50,39,2018,D,congressional,congressional
Reuters/Ipsos,8/28/2018,2920,47,34,2018,D,congressional,congressional
Harvard-Harris,8/23/2018,1330,45,37,2018,D,congressional,congressional
Rasmussen Reports,8/23/2018,2500,46,41,2018,D,congressional,congressional
NBC News/Wall St. Jrnl,8/22/2018,900,50,42,2018,D,congressional,congressional
Economist/YouGov,8/21/2018,1247,44,38,2018,D,congressional,congressional
FOX News,8/21/2018,1009,49,38,2018,D,congressional,congressional
Reuters/Ipsos,8/21/2018,1885,41,37,2018,D,congressional,congressional
Monmouth,8/19/2018,725,48,43,2018,D,congressional,congressional
Rasmussen Reports,8/16/2018,2500,44,44,2018,D,congressional,congressional
Economist/YouGov,8/14/2018,1250,44,40,2018,D,congressional,congressional
Reuters/Ipsos,8/14/2018,1860,45,36,2018,D,congressional,congressional
Quinnipiac,8/13/2018,1175,51,42,2018,D,congressional,congressional
CNN,8/12/2018,921,52,41,2018,D,congressional,congressional
Pew Research,8/12/2018,3986,46,39,2018,D,congressional,congressional
Rasmussen Reports,8/9/2018,2500,48,41,2018,D,congressional,congressional
Economist/YouGov,8/7/2018,1289,44,41,2018,D,congressional,congressional
Reuters/Ipsos,8/7/2018,1479,41,39,2018,D,congressional,congressional
Rasmussen Reports,8/2/2018,2500,45,41,2018,D,congressional,congressional
IBD/TIPP,8/2/2018,878,45,45,2018,D,congressional,congressional
Economist/YouGov,7/31/2018,1222,44,40,2018,D,congressional,congressional
Reuters/Ipsos,7/31/2018,1571,42,36,2018,D,congressional,congressional
Rasmussen Reports,7/26/2018,2500,46,40,2018,D,congressional,congressional
Harvard-Harris,7/25/2018,1323,43,36,2018,D,congressional,congressional
Economist/YouGov,7/24/2018,1203,44,38,2018,D,congressional,congressional
Reuters/Ipsos,7/24/2018,1165,42,37,2018,D,congressional,congressional
NPR/PBS/Marist,7/22/2018,923,47,40,2018,D,congressional,congressional
Quinnipiac,7/23/2018,1177,51,39,2018,D,congressional,congressional
Rasmussen Reports,7/19/2018,2500,47,40,2018,D,congressional,congressional
NBC News/Wall St. Jrnl,7/18/2018,900,49,43,2018,D,congressional,congressional
Economist/YouGov,7/17/2018,1272,45,37,2018,D,congressional,congressional
Rasmussen Reports,7/12/2018,2500,46,41,2018,D,congressional,congressional
Reuters/Ipsos,7/17/2018,2357,44,35,2018,D,congressional,congressional
FOX News,7/11/2018,1007,48,40,2018,D,congressional,congressional
Economist/YouGov,7/10/2018,1246,42,38,2018,D,congressional,congressional
Reuters/Ipsos,7/10/2018,1295,47,34,2018,D,congressional,congressional
Emerson,7/7/2018,900,49,42,2018,D,congressional,congressional
Rasmussen Reports,7/5/2018,2500,48,40,2018,D,congressional,congressional
Economist/YouGov,7/3/2018,1263,42,38,2018,D,congressional,congressional
Rasmussen Reports,6/28/2018,2500,46,40,2018,D,congressional,congressional
Reuters/Ipsos,7/2/2018,2252,44,34,2018,D,congressional,congressional
Quinnipiac,7/1/2018,1020,50,41,2018,D,congressional,congressional
Harvard-Harris,6/25/2018,1448,45,36,2018,D,congressional,congressional
IBD/TIPP,6/29/2018,900,48,40,2018,D,congressional,congressional
Economist/YouGov,6/26/2018,1278,43,38,2018,D,congressional,congressional
Reuters/Ipsos,6/26/2018,1199,41,38,2018,D,congressional,congressional
Rasmussen Reports,6/21/2018,2500,45,41,2018,D,congressional,congressional
Economist/YouGov,6/19/2018,1272,44,37,2018,D,congressional,congressional
Reuters/Ipsos,6/19/2018,1604,42,36,2018,D,congressional,congressional
USA Today/Suffolk,6/18/2018,1000,45,39,2018,D,congressional,congressional
Quinnipiac,6/17/2018,905,49,43,2018,D,congressional,congressional
CNN,6/17/2018,901,50,42,2018,D,congressional,congressional
Gallup,6/17/2018,1346,48,43,2018,D,congressional,congressional
Monmouth,6/13/2018,711,48,41,2018,D,congressional,congressional
Rasmussen Reports,6/14/2018,2500,45,41,2018,D,congressional,congressional
Economist/YouGov,6/12/2018,1308,43,37,2018,D,congressional,congressional
Reuters/Ipsos,6/12/2018,2018,45,35,2018,D,congressional,congressional
PPP (D),6/10/2018,679,46,40,2018,D,congressional,congressional
Pew Research,6/12/2018,1608,48,43,2018,D,congressional,congressional
Rasmussen Reports,6/7/2018,2500,44,40,2018,D,congressional,congressional
FOX News,6/6/2018,1001,48,39,2018,D,congressional,congressional
Economist/YouGov,6/5/2018,1292,44,38,2018,D,congressional,congressional
Reuters/Ipsos,6/5/2018,1265,43,32,2018,D,congressional,congressional
NBC News/Wall St. Jrnl,6/4/2018,900,50,40,2018,D,congressional,congressional
Quinnipiac,6/5/2018,1223,47,40,2018,D,congressional,congressional
IBD/TIPP,6/5/2018,905,47,40,2018,D,congressional,congressional
Rasmussen Reports,5/31/2018,2500,45,41,2018,D,congressional,congressional
Economist/YouGov,5/29/2018,1279,42,39,2018,D,congressional,congressional
Reuters/Ipsos,5/29/2018,1931,39,37,2018,D,congressional,congressional
Rasmussen Reports,5/25/2018,2500,43,42,2018,D,congressional,congressional
Harvard-Harris,5/22/2018,1347,44,37,2018,D,congressional,congressional
Economist/YouGov,5/22/2018,1263,43,38,2018,D,congressional,congressional
Reuters/Ipsos,5/22/2018,1080,40,37,2018,D,congressional,congressional
Rasmussen Reports,5/17/2018,2500,43,42,2018,D,congressional,congressional
Economist/YouGov,5/15/2018,1231,42,37,2018,D,congressional,congressional
Reuters/Ipsos,5/15/2018,1290,38,37,2018,D,congressional,congressional
Rasmussen Reports,5/10/2018,2500,46,40,2018,D,congressional,congressional
CNN,5/5/2018,901,47,44,2018,D,congressional,congressional
Economist/YouGov,5/8/2018,1232,44,35,2018,D,congressional,congressional
Reuters/Ipsos,5/8/2018,1171,39,38,2018,D,congressional,congressional
Economist/YouGov,5/1/2018,1273,42,39,2018,D,congressional,congressional
Reuters/Ipsos,5/1/2018,1337,43,37,2018,D,congressional,congressional
Pew Research,5/1/2018,1221,48,43,2018,D,congressional,congressional
Monmouth,4/30/2018,681,49,41,2018,D,congressional,congressional
Harvard-Harris,4/24/2018,1549,43,34,2018,D,congressional,congressional
Economist/YouGov,4/24/2018,1270,43,38,2018,D,congressional,congressional
Quinnipiac,4/24/2018,1193,48,40,2018,D,congressional,congressional
Reuters/Ipsos,4/24/2018,1248,45,34,2018,D,congressional,congressional
Economist/YouGov,4/17/2018,1274,43,38,2018,D,congressional,congressional
NPR/PBS/Marist,4/13/2018,827,44,39,2018,D,congressional,congressional
Reuters/Ipsos,4/17/2018,1238,44,34,2018,D,congressional,congressional
ABC News/Wash Post,4/11/2018,865,47,43,2018,D,congressional,congressional
NBC News/Wall St. Jrnl,4/11/2018,900,47,40,2018,D,congressional,congressional
Economist/YouGov,4/10/2018,1292,44,36,2018,D,congressional,congressional
Rasmussen Reports,4/9/2018,1000,45,40,2018,D,congressional,congressional
Quinnipiac,4/9/2018,1181,46,43,2018,D,congressional,congressional
Reuters/Ipsos,4/10/2018,1219,44,34,2018,D,congressional,congressional
Economist/YouGov,4/3/2018,1246,43,36,2018,D,congressional,congressional
Reuters/Ipsos,4/3/2018,1519,43,34,2018,D,congressional,congressional
Harvard-Harris,3/29/2018,1340,45,34,2018,D,congressional,congressional
Reuters/Ipsos,3/27/2018,1392,42,35,2018,D,congressional,congressional
Economist/YouGov,3/27/2018,1330,42,35,2018,D,congressional,congressional
CNN,3/25/2018,913,50,44,2018,D,congressional,congressional
PPP (D),3/25/2018,846,50,39,2018,D,congressional,congressional
Marist,3/21/2018,1015,44,39,2018,D,congressional,congressional
FOX News,3/21/2018,1014,46,41,2018,D,congressional,congressional
Economist/YouGov,3/20/2018,1284,44,38,2018,D,congressional,congressional
Quinnipiac,3/20/2018,1291,49,43,2018,D,congressional,congressional
Reuters/Ipsos,3/20/2018,1337,40,37,2018,D,congressional,congressional
NBC News/Wall St. Jrnl,3/14/2018,930,50,40,2018,D,congressional,congressional
Economist/YouGov,3/13/2018,1291,43,38,2018,D,congressional,congressional
Reuters/Ipsos,3/13/2018,1411,38,30,2018,D,congressional,congressional
GWU/Battleground,3/8/2018,1000,49,40,2018,D,congressional,congressional
Economist/YouGov,3/6/2018,1310,43,37,2018,D,congressional,congressional
Reuters/Ipsos,3/6/2018,2927,38,31,2018,D,congressional,congressional
Quinnipiac,3/5/2018,1122,48,38,2018,D,congressional,congressional
Monmouth,3/5/2018,708,50,41,2018,D,congressional,congressional
Rasmussen Reports,3/4/2018,1000,46,40,2018,D,congressional,congressional
Economist/YouGov,2/27/2018,1296,40,38,2018,D,congressional,congressional
Reuters/Ipsos,2/27/2018,1651,37,31,2018,D,congressional,congressional
USA Today/Suffolk,2/24/2018,1000,47,32,2018,D,congressional,congressional
CNN,2/23/2018,909,54,38,2018,D,congressional,congressional
Marist,2/21/2018,819,46,39,2018,D,congressional,congressional
Economist/YouGov,2/20/2018,1308,43,35,2018,D,congressional,congressional
Reuters/Ipsos,2/20/2018,1104,38,30,2018,D,congressional,congressional
Harvard-Harris,2/19/2018,1934,41,36,2018,D,congressional,congressional
Quinnipiac,2/19/2018,1249,53,38,2018,D,congressional,congressional
Economist/YouGov,2/13/2018,1280,42,38,2018,D,congressional,congressional
Reuters/Ipsos,2/13/2018,1515,39,30,2018,D,congressional,congressional
PPP (D),2/11/2018,687,49,41,2018,D,congressional,congressional
Marist,2/7/2018,807,49,38,2018,D,congressional,congressional
Economist/YouGov,2/6/2018,1320,43,37,2018,D,congressional,congressional
Reuters/Ipsos,2/6/2018,3110,38,31,2018,D,congressional,congressional
Quinnipiac,2/5/2018,1333,49,40,2018,D,congressional,congressional
IBD/TIPP,2/2/2018,832,46,41,2018,D,congressional,congressional
Monmouth,1/30/2018,711,47,45,2018,D,congressional,congressional
Economist/YouGov,1/30/2018,1264,42,37,2018,D,congressional,congressional
Reuters/Ipsos,1/30/2018,1856,37,31,2018,D,congressional,congressional
Rasmussen Reports,1/25/2018,1000,45,37,2018,D,congressional,congressional
FOX News,1/23/2018,1002,44,38,2018,D,congressional,congressional
Economist/YouGov,1/23/2018,1301,41,37,2018,D,congressional,congressional
Quinnipiac,1/23/2018,1245,51,38,2018,D,congressional,congressional
Reuters/Ipsos,1/23/2018,2981,38,30,2018,D,congressional,congressional
ABC News/Wash Post,1/18/2018,846,51,39,2018,D,congressional,congressional
CNN,1/18/2018,,49,44,2018,D,congressional,congressional
NBC News/Wall St. Jrnl,1/17/2018,765,49,43,2018,D,congressional,congressional
Economist/YouGov,1/16/2018,1311,42,36,2018,D,congressional,congressional
Reuters/Ipsos,1/16/2018,1638,37,32,2018,D,congressional,congressional
Quinnipiac,1/16/2018,1212,50,39,2018,D,congressional,congressional
Pew Research,1/15/2018,1215,53,39,2018,D,congressional,congressional
NPR/PBS/Marist,1/10/2018,1092,46,40,2018,D,congressional,congressional
Emerson,1/11/2018,600,45,40,2018,D,congressional,congressional
Economist/YouGov,1/9/2018,1327,44,37,2018,D,congressional,congressional
Quinnipiac,1/9/2018,1106,52,35,2018,D,congressional,congressional
Reuters/Ipsos,1/9/2018,1616,40,31,2018,D,congressional,congressional
Economist/YouGov,1/2/2018,1277,42,36,2018,D,congressional,congressional
Reuters/Ipsos,1/2/2018,1770,38,31,2018,D,congressional,congressional
Economist/YouGov,12/26/2017,1004,44,36,2018,D,congressional,congressional
Economist/YouGov,12/19/2017,1291,44,35,2018,D,congressional,congressional
Reuters/Ipsos,12/19/2017,2492,39,27,2018,D,congressional,congressional
Quinnipiac,12/18/2017,1230,52,37,2018,D,congressional,congressional
CNN,12/17/2017,898,56,38,2018,D,congressional,congressional
NBC News/Wall St. Jrnl,12/15/2017,736,50,39,2018,D,congressional,congressional
PPP (D),12/12/2017,862,51,40,2018,D,congressional,congressional
Economist/YouGov,12/12/2017,1338,44,36,2018,D,congressional,congressional
Monmouth,12/12/2017,702,51,36,2018,D,congressional,congressional
Reuters/Ipsos,12/12/2017,1457,37,29,2018,D,congressional,congressional
Quinnipiac,12/11/2017,1211,49,37,2018,D,congressional,congressional
Marist,12/7/2017,1079,50,37,2018,D,congressional,congressional
Economist/YouGov,12/5/2017,1341,42,36,2018,D,congressional,congressional
Reuters/Ipsos,12/5/2017,1548,37,31,2018,D,congressional,congressional
Quinnipiac,12/4/2017,1508,50,36,2018,D,congressional,congressional
Economist/YouGov,11/28/2017,1319,41,35,2018,D,congressional,congressional
Reuters/Ipsos,11/28/2017,1969,36,30,2018,D,congressional,congressional
Economist/YouGov,11/21/2017,1344,42,33,2018,D,congressional,congressional
Reuters/Ipsos,11/22/2017,1489,37,28,2018,D,congressional,congressional
NPR/PBS/Marist,11/15/2017,802,43,40,2018,D,congressional,congressional
Economist/YouGov,11/14/2017,1281,42,34,2018,D,congressional,congressional
Reuters/Ipsos,11/14/2017,1520,38,31,2018,D,congressional,congressional
Quinnipiac,11/13/2017,1577,51,38,2018,D,congressional,congressional
Marist,11/9/2017,850,51,36,2018,D,congressional,congressional
Economist/YouGov,11/7/2017,1336,40,33,2018,D,congressional,congressional
Reuters/Ipsos,11/7/2017,1572,38,30,2018,D,congressional,congressional
ABC News/Wash Post,11/1/2017,884,51,40,2018,D,congressional,congressional
Economist/YouGov,10/31/2017,1291,39,36,2018,D,congressional,congressional
Reuters/Ipsos,10/31/2017,1798,40,31,2018,D,congressional,congressional
PPP (D),10/29/2017,572,50,40,2018,D,congressional,congressional
NBC News/Wall St. Jrnl,10/26/2017,753,48,41,2018,D,congressional,congressional
Economist/YouGov,10/24/2017,1312,40,33,2018,D,congressional,congressional
FOX News,10/24/2017,1005,50,35,2018,D,congressional,congressional
Reuters/Ipsos,10/24/2017,2352,36,28,2018,D,congressional,congressional
Economist/YouGov,10/16/2017,1326,41,33,2018,D,congressional,congressional
CNN,10/15/2017,,54,38,2018,D,congressional,congressional
Economist/YouGov,10/10/2017,1278,40,33,2018,D,congressional,congressional
Quinnipiac,10/10/2017,1482,49,41,2018,D,congressional,congressional
Economist/YouGov,10/3/2017,1298,39,32,2018,D,congressional,congressional
Economist/YouGov,9/26/2017,1254,40,34,2018,D,congressional,congressional
Quinnipiac,9/26/2017,1412,47,38,2018,D,congressional,congressional
PPP (D),9/25/2017,865,48,37,2018,D,congressional,congressional
Economist/YouGov,9/19/2017,1292,39,33,2018,D,congressional,congressional
NBC News/Wall St. Jrnl,9/18/2017,751,48,42,2018,D,congressional,congressional
Economist/YouGov,9/12/2017,1313,40,31,2018,D,congressional,congressional
Economist/YouGov,9/5/2017,1309,39,33,2018,D,congressional,congressional
Economist/YouGov,8/29/2017,1278,40,32,2018,D,congressional,congressional
Economist/YouGov,8/22/2017,1327,39,33,2018,D,congressional,congressional
Quinnipiac,8/22/2017,1514,50,38,2018,D,congressional,congressional
PPP (D),8/21/2017,887,49,35,2018,D,congressional,congressional
GWU/Battleground,8/17/2017,1000,45,38,2018,D,congressional,congressional
Economist/YouGov,8/15/2017,1291,41,33,2018,D,congressional,congressional
Quinnipiac,8/15/2017,1361,50,40,2018,D,congressional,congressional
Marist,8/12/2017,883,47,40,2018,D,congressional,congressional
Economist/YouGov,8/8/2017,1303,39,34,2018,D,congressional,congressional
CNN,8/6/2017,,51,42,2018,D,congressional,congressional
Economist/YouGov,8/1/2017,1329,39,34,2018,D,congressional,congressional
Quinnipiac,8/1/2017,1125,52,38,2018,D,congressional,congressional
Economist/YouGov,7/25/2017,1282,40,34,2018,D,congressional,congressional
Economist/YouGov,7/18/2017,1273,40,34,2018,D,congressional,congressional
ABC News/Wash Post,7/13/2017,,52,38,2018,D,congressional,congressional
Economist/YouGov,7/11/2017,1284,39,32,2018,D,congressional,congressional
Economist/YouGov,7/4/2017,1323,37,35,2018,D,congressional,congressional
FOX News,6/27/2017,1017,47,41,2018,D,congressional,congressional
Economist/YouGov,6/27/2017,1295,41,35,2018,D,congressional,congressional
Quinnipiac,6/27/2017,1212,51,41,2018,D,congressional,congressional
NPR/PBS/Marist,6/25/2017,995,48,38,2018,D,congressional,congressional
Economist/YouGov,6/20/2017,1277,38,35,2018,D,congressional,congressional
NBC News/Wall St. Jrnl,6/20/2017,765,50,42,2018,D,congressional,congressional
Economist/YouGov,6/13/2017,1310,38,36,2018,D,congressional,congressional
PPP (D),6/11/2017,811,50,40,2018,D,congressional,congressional
Economist/YouGov,6/6/2017,1288,41,37,2018,D,congressional,congressional
Quinnipiac,6/6/2017,1361,51,39,2018,D,congressional,congressional
Economist/YouGov,5/30/2017,1269,39,33,2018,D,congressional,congressional
Quinnipiac,5/9/2017,1078,54,38,2018,D,congressional,congressional
Economist/YouGov,5/23/2017,1276,38,36,2018,D,congressional,congressional
Economist/YouGov,5/16/2017,1298,40,33,2018,D,congressional,congressional
PPP (D),5/14/2017,692,49,38,2018,D,congressional,congressional
Economist/YouGov,5/9/2017,1287,40,35,2018,D,congressional,congressional
Economist/YouGov,5/2/2017,1255,38,35,2018,D,congressional,congressional
FOX News,4/25/2017,1009,47,42,2018,D,congressional,congressional
Economist/YouGov,4/25/2017,1289,39,34,2018,D,congressional,congressional
CNN/ORC,4/25/2017,,49,41,2018,D,congressional,congressional
NBC News/Wall St. Jrnl,4/20/2017,759,47,43,2018,D,congressional,congressional
PPP (D),4/18/2017,648,47,41,2018,D,congressional,congressional
Economist/YouGov,4/18/2017,1291,38,32,2018,D,congressional,congressional
Marist,4/12/2017,869,45,38,2018,D,congressional,congressional
PPP (D),3/28/2017,677,48,43,2018,D,congressional,congressional
McClatchy/Marist,3/27/2017,906,47,38,2018,D,congressional,congressional
PPP (D),3/12/2017,808,46,41,2018,D,congressional,congressional
PPP (D),2/22/2017,941,46,43,2018,D,congressional,congressional
PPP (D),1/24/2017,1043,48,40,2018,D,congressional,congressional
Economist/YouGov,11/2/2020,1363,52,42,2020,D,congressional,congressional
NBC News/Wall St. Jrnl,10/31/2020,1000,48,43,2020,D,congressional,congressional
Politico/Morning Consult,10/31/2020,14663,50,43,2020,D,congressional,congressional
The Hill/HarrisX,10/28/2020,2359,47,42,2020,D,congressional,congressional
Economist/YouGov,10/27/2020,1365,52,42,2020,D,congressional,congressional
USC Dornsife,11/2/2020,5413,53,45,2020,D,congressional,congressional
USA Today/Suffolk,10/27/2020,1000,49,39,2020,D,congressional,congressional
CNN,10/26/2020,886,54,42,2020,D,congressional,congressional
Economist/YouGov,10/20/2020,1344,50,43,2020,D,congressional,congressional
Economist/YouGov,10/13/2020,1333,49,41,2020,D,congressional,congressional
NBC News/Wall St. Jrnl,10/12/2020,1000,49,42,2020,D,congressional,congressional
Economist/YouGov,9/30/2020,1350,48,42,2020,D,congressional,congressional
Monmouth,9/27/2020,809,50,44,2020,D,congressional,congressional
Economist/YouGov,9/22/2020,1124,47,43,2020,D,congressional,congressional
Politico/Morning Consult,9/20/2020,1989,47,41,2020,D,congressional,congressional
NBC News/Wall St. Jrnl,9/16/2020,1000,49,42,2020,D,congressional,congressional
Economist/YouGov,9/15/2020,1062,48,41,2020,D,congressional,congressional
Economist/YouGov,9/8/2020,1057,48,41,2020,D,congressional,congressional
Monmouth,9/8/2020,758,49,45,2020,D,congressional,congressional
Economist/YouGov,9/1/2020,1207,51,38,2020,D,congressional,congressional
USA Today/Suffolk,8/31/2020,1000,48,42,2020,D,congressional,congressional
Grinnell/Selzer,8/30/2020,827,48,41,2020,D,congressional,congressional
Economist/YouGov,8/25/2020,1254,47,39,2020,D,congressional,congressional
Economist/YouGov,8/18/2020,1246,49,38,2020,D,congressional,congressional
NBC News/Wall St. Jrnl,8/12/2020,900,47,42,2020,D,congressional,congressional
Economist/YouGov,8/11/2020,1208,49,39,2020,D,congressional,congressional
NPR/PBS/Marist,8/11/2020,1108,49,43,2020,D,congressional,congressional
GU Politics/Battleground,8/6/2020,1000,50,44,2020,D,congressional,congressional
Economist/YouGov,8/4/2020,1229,50,38,2020,D,congressional,congressional
Emerson,7/30/2020,964,46,41,2020,D,congressional,congressional
Economist/YouGov,7/28/2020,1260,48,40,2020,D,congressional,congressional
Economist/YouGov,7/21/2020,1222,47,40,2020,D,congressional,congressional
Politico/Morning Consult,7/19/2020,1991,47,37,2020,D,congressional,congressional
Economist/YouGov,7/14/2020,1252,48,40,2020,D,congressional,congressional
NBC News/Wall St. Jrnl,7/12/2020,900,47,43,2020,D,congressional,congressional
Economist/YouGov,7/7/2020,1165,51,40,2020,D,congressional,congressional
Economist/YouGov,6/30/2020,1198,49,40,2020,D,congressional,congressional
Monmouth,6/30/2020,733,50,42,2020,D,congressional,congressional
USA Today/Suffolk,6/29/2020,1000,51,37,2020,D,congressional,congressional
Economist/YouGov,6/23/2020,1230,48,41,2020,D,congressional,congressional
Economist/YouGov,6/16/2020,1160,49,40,2020,D,congressional,congressional
Economist/YouGov,6/9/2020,1241,47,39,2020,D,congressional,congressional
NBC News/Wall St. Jrnl,6/2/2020,1000,51,40,2020,D,congressional,congressional
Economist/YouGov,6/2/2020,1244,46,40,2020,D,congressional,congressional
Monmouth,6/1/2020,742,52,43,2020,D,congressional,congressional
Economist/YouGov,5/26/2020,1157,47,39,2020,D,congressional,congressional
Economist/YouGov,5/19/2020,1235,47,38,2020,D,congressional,congressional
Economist/YouGov,5/12/2020,1175,48,41,2020,D,congressional,congressional
Economist/YouGov,5/5/2020,1209,47,39,2020,D,congressional,congressional
Politico/Morning Consult,5/3/2020,1987,44,39,2020,D,congressional,congressional
Monmouth,5/4/2020,739,52,42,2020,D,congressional,congressional
Economist/YouGov,4/28/2020,1222,46,38,2020,D,congressional,congressional
Economist/YouGov,4/21/2020,1144,46,38,2020,D,congressional,congressional
Politico/Morning Consult,4/19/2020,1991,44,39,2020,D,congressional,congressional
Economist/YouGov,4/14/2020,1166,47,40,2020,D,congressional,congressional
Economist/YouGov,4/7/2020,1147,48,39,2020,D,congressional,congressional
Politico/Morning Consult,4/5/2020,1990,46,38,2020,D,congressional,congressional
Economist/YouGov,3/31/2020,1194,48,39,2020,D,congressional,congressional
Grinnell/Selzer,3/30/2020,777,50,41,2020,D,congressional,congressional
Economist/YouGov,3/17/2020,1129,49,39,2020,D,congressional,congressional
Economist/YouGov,3/10/2020,1191,47,42,2020,D,congressional,congressional
Politico/Morning Consult,3/8/2020,1992,46,40,2020,D,congressional,congressional
CNN,3/7/2020,1084,53,44,2020,D,congressional,congressional
Economist/YouGov,3/3/2020,1134,51,38,2020,D,congressional,congressional
Economist/YouGov,2/25/2020,1184,48,40,2020,D,congressional,congressional
Politico/Morning Consult,2/23/2020,1992,45,39,2020,D,congressional,congressional
Economist/YouGov,2/18/2020,1150,48,41,2020,D,congressional,congressional
NPR/PBS/Marist,2/16/2020,1164,48,40,2020,D,congressional,congressional
Politico/Morning Consult,1/9/2020,1996,45,41,2020,D,congressional,congressional
Economist/YouGov,2/11/2020,1140,48,40,2020,D,congressional,congressional
Economist/YouGov,2/4/2020,1277,48,41,2020,D,congressional,congressional
NBC News/Wall St. Jrnl,1/29/2020,1000,49,43,2020,D,congressional,congressional
Economist/YouGov,1/28/2020,1182,48,39,2020,D,congressional,congressional
Politico/Morning Consult,1/26/2020,1992,45,39,2020,D,congressional,congressional
Economist/YouGov,1/21/2020,1176,44,43,2020,D,congressional,congressional
Economist/YouGov,1/14/2020,1108,46,42,2020,D,congressional,congressional
Politico/Morning Consult,1/12/2020,1996,42,39,2020,D,congressional,congressional
Economist/YouGov,1/7/2020,1185,48,40,2020,D,congressional,congressional
Economist/YouGov,12/31/2019,1123,50,40,2020,D,congressional,congressional
Economist/YouGov,12/24/2019,1240,47,41,2020,D,congressional,congressional
NBC News/Wall St. Jrnl,12/17/2019,733,49,42,2020,D,congressional,congressional
Economist/YouGov,12/17/2019,1164,48,40,2020,D,congressional,congressional
Economist/YouGov,12/10/2019,1209,48,40,2020,D,congressional,congressional
Economist/YouGov,12/3/2019,1200,47,41,2020,D,congressional,congressional
Economist/YouGov,11/26/2019,1189,47,41,2020,D,congressional,congressional
Politico/Morning Consult,11/24/2019,1988,45,36,2020,D,congressional,congressional
Economist/YouGov,11/19/2019,1224,46,39,2020,D,congressional,congressional
NPR/PBS/Marist,11/15/2019,988,46,41,2020,D,congressional,congressional
Economist/YouGov,11/12/2019,1206,49,40,2020,D,congressional,congressional
Politico/Morning Consult,11/10/2019,1993,45,37,2020,D,congressional,congressional
Economist/YouGov,11/5/2019,1201,47,41,2020,D,congressional,congressional
NBC News/Wall St. Jrnl,10/30/2019,720,49,42,2020,D,congressional,congressional
Economist/YouGov,10/29/2019,1274,47,41,2020,D,congressional,congressional
Politico/Morning Consult,10/28/2019,1997,46,38,2020,D,congressional,congressional
USA Today/Suffolk,10/26/2019,1000,46,46,2020,D,congressional,congressional
Economist/YouGov,10/22/2019,1204,48,40,2020,D,congressional,congressional
Economist/YouGov,10/15/2019,1136,49,39,2020,D,congressional,congressional
Politico/Morning Consult,10/13/2019,1993,45,36,2020,D,congressional,congressional
GU Politics/Battleground,10/10/2019,1000,48,42,2020,D,congressional,congressional
NPR/PBS/Marist,10/8/2019,926,43,40,2020,D,congressional,congressional
Economist/YouGov,10/8/2019,1241,46,42,2020,D,congressional,congressional
Economist/YouGov,10/1/2019,1087,47,40,2020,D,congressional,congressional
Politico/Morning Consult,9/30/2019,2488,46,38,2020,D,congressional,congressional
Economist/YouGov,9/24/2019,1198,47,39,2020,D,congressional,congressional
Economist/YouGov,9/17/2019,1184,47,39,2020,D,congressional,congressional
Politico/Morning Consult,9/16/2019,1994,44,37,2020,D,congressional,congressional
Economist/YouGov,9/10/2019,1188,49,38,2020,D,congressional,congressional
Economist/YouGov,9/3/2019,1069,46,41,2020,D,congressional,congressional
Economist/YouGov,8/27/2019,1093,48,37,2020,D,congressional,congressional
Politico/Morning Consult,8/25/2019,1987,45,37,2020,D,congressional,congressional
Economist/YouGov,8/20/2019,1111,47,39,2020,D,congressional,congressional
Economist/YouGov,8/13/2019,1127,48,38,2020,D,congressional,congressional
Politico/Morning Consult,8/11/2019,1993,43,37,2020,D,congressional,congressional
Economist/YouGov,8/6/2019,1161,48,38,2020,D,congressional,congressional
Economist/YouGov,7/30/2019,1101,48,37,2020,D,congressional,congressional
Politico/Morning Consult,7/27/2019,1994,42,38,2020,D,congressional,congressional
Economist/YouGov,7/23/2019,1212,47,40,2020,D,congressional,congressional
Economist/YouGov,7/16/2019,1149,47,40,2020,D,congressional,congressional
Politico/Morning Consult,7/14/2019,1984,44,35,2020,D,congressional,congressional
Economist/YouGov,7/9/2019,1140,47,38,2020,D,congressional,congressional
Economist/YouGov,7/2/2019,1265,48,39,2020,D,congressional,congressional
Politico/Morning Consult,7/1/2019,1472,45,35,2020,D,congressional,congressional
Economist/YouGov,6/25/2019,1111,46,40,2020,D,congressional,congressional
Politico/Morning Consult,6/24/2019,1991,44,38,2020,D,congressional,congressional
Economist/YouGov,6/18/2019,1202,47,39,2020,D,congressional,congressional
Politico/Morning Consult,6/16/2019,1992,43,37,2020,D,congressional,congressional
Economist/YouGov,6/11/2019,1107,46,40,2020,D,congressional,congressional
Economist/YouGov,5/28/2019,1120,48,39,2020,D,congressional,congressional
Politico/Morning Consult,5/12/2019,1995,43,37,2020,D,congressional,congressional
Politico/Morning Consult,4/21/2019,1992,45,34,2020,D,congressional,congressional
Politico/Morning Consult,4/14/2019,1998,42,39,2020,D,congressional,congressional
Politico/Morning Consult,4/7/2019,1992,45,36,2020,D,congressional,congressional
GU Politics/Battleground,4/4/2019,1000,42,37,2020,D,congressional,congressional
Politico/Morning Consult,4/1/2019,1945,42,40,2020,D,congressional,congressional
PPP (D),3/28/2019,846,51,40,2020,D,congressional,congressional
Politico/Morning Consult,3/24/2019,1994,43,38,2020,D,congressional,congressional
Politico/Morning Consult,2/24/2019,1994,42,36,2020,D,congressional,congressional
Emerson,2/16/2019,1000,53,47,2020,D,congressional,congressional
Emerson,1/21/2019,942,52,48,2020,D,congressional,congressional
Politico/Morning Consult,1/22/2019,1996,43,38,2020,D,congressional,congressional
Emerson,12/9/2018,800,46,44,2020,D,congressional,congressional
Trafalgar Group (R),11/6/2022,1099,43,48,2022,R,congressional,congressional
Politico/Morning Consult,11/5/2022,2005,48,43,2022,R,congressional,congressional
Economist/YouGov,11/6/2022,1068,48,49,2022,R,congressional,congressional
Data for Progress (D)**,11/6/2022,1130,48,52,2022,R,congressional,congressional
NBC News,11/5/2022,786,48,47,2022,R,congressional,congressional
Rasmussen Reports,11/3/2022,2500,43,48,2022,R,congressional,congressional
ABC News/Wash Post,11/2/2022,708,48,50,2022,R,congressional,congressional
Economist/YouGov,11/1/2022,1099,49,49,2022,R,congressional,congressional
Data for Progress (D)**,10/31/2022,1276,47,51,2022,R,congressional,congressional
Newsnation,10/31/2022,1017,43,45,2022,R,congressional,congressional
Politico/Morning Consult,10/31/2022,2005,47,42,2022,R,congressional,congressional
CNN,10/31/2022,992,47,51,2022,R,congressional,congressional
Quinnipiac,10/30/2022,2010,44,48,2022,R,congressional,congressional
CBS News Battleground Tracker,10/28/2022,1899,45,47,2022,R,congressional,congressional
Trafalgar Group (R),10/27/2022,1089,42,48,2022,R,congressional,congressional
NPR/PBS/Marist,10/27/2022,1200,46,49,2022,R,congressional,congressional
InsiderAdvantage,10/25/2022,750,44,48,2022,R,congressional,congressional
Rasmussen Reports,10/27/2022,2500,42,49,2022,R,congressional,congressional
Wall Street Journal,10/26/2022,1500,44,46,2022,R,congressional,congressional
Data for Progress (D)**,10/27/2022,1217,45,49,2022,R,congressional,congressional
Economist/YouGov,10/25/2022,1114,49,45,2022,R,congressional,congressional
Politico/Morning Consult,10/23/2022,2005,47,42,2022,R,congressional,congressional
USA Today/Suffolk,10/24/2022,1000,45,49,2022,R,congressional,congressional
Democracy Corps (D),10/23/2022,,48,50,2022,R,congressional,congressional
Emerson,10/19/2022,1000,41,46,2022,R,congressional,congressional
Rasmussen Reports,10/20/2022,2500,43,47,2022,R,congressional,congressional
Economist/YouGov,10/18/2022,1110,46,47,2022,R,congressional,congressional
NBC News,10/18/2022,,47,48,2022,R,congressional,congressional
Monmouth,10/17/2022,756,44,50,2022,R,congressional,congressional
Politico/Morning Consult,10/16/2022,2005,45,44,2022,R,congressional,congressional
CNBC,10/16/2022,800,46,48,2022,R,congressional,congressional
CBS News Battleground Tracker,10/14/2022,1753,45,47,2022,R,congressional,congressional
Harvard-Harris,10/13/2022,,47,53,2022,R,congressional,congressional
Trafalgar Group (R),10/12/2022,1079,43,48,2022,R,congressional,congressional
Data for Progress (D)**,10/18/2022,4576,45,48,2022,R,congressional,congressional
Rasmussen Reports,10/13/2022,2500,41,48,2022,R,congressional,congressional
NY Times/Siena,10/12/2022,792,45,49,2022,R,congressional,congressional
FOX News,10/12/2022,,46,47,2022,R,congressional,congressional
Economist/YouGov,10/11/2022,1031,48,46,2022,R,congressional,congressional
Politico/Morning Consult,10/9/2022,2006,46,42,2022,R,congressional,congressional
Federalist/Susquehanna,10/11/2022,800,48,48,2022,R,congressional,congressional
InsiderAdvantage,10/3/2022,750,44,47,2022,R,congressional,congressional
Rasmussen Reports,10/6/2022,2500,43,47,2022,R,congressional,congressional
Economist/YouGov,10/3/2022,1042,47,46,2022,R,congressional,congressional
Politico/Morning Consult,10/2/2022,2005,46,43,2022,R,congressional,congressional
NPR/Marist,9/29/2022,1293,48,45,2022,R,congressional,congressional
Newsnation,9/29/2022,1017,45,44,2022,R,congressional,congressional
Rasmussen Reports,9/29/2022,2500,44,45,2022,R,congressional,congressional
Trafalgar Group (R),9/27/2022,1084,46,51,2022,R,congressional,congressional
Economist/YouGov,9/27/2022,1054,46,47,2022,R,congressional,congressional
Data for Progress (D)**,10/3/2022,7380,45,47,2022,R,congressional,congressional
Susquehanna,9/27/2022,881,43,44,2022,R,congressional,congressional
Politico/Morning Consult,9/25/2022,2005,45,43,2022,R,congressional,congressional
Monmouth,9/25/2022,750,45,47,2022,R,congressional,congressional
CBS News Battleground Tracker,9/23/2022,1954,45,46,2022,R,congressional,congressional
Grinnell/Selzer,9/25/2022,563,46,42,2022,R,congressional,congressional
Emerson,9/21/2022,1368,45,45,2022,R,congressional,congressional
ABC News/Wash Post,9/21/2022,,46,51,2022,R,congressional,congressional
Democracy Corps (D),10/15/2022,,51,48,2022,R,congressional,congressional
CNN,10/5/2022,1198,50,47,2022,R,congressional,congressional
Rasmussen Reports,9/22/2022,2500,42,44,2022,R,congressional,congressional
Economist/YouGov,9/20/2022,1318,45,40,2022,R,congressional,congressional
Politico/Morning Consult,9/18/2022,2005,46,41,2022,R,congressional,congressional
NBC News,9/13/2022,1000,46,46,2022,R,congressional,congressional
Rasmussen Reports,9/15/2022,2500,42,43,2022,R,congressional,congressional
Economist/YouGov,9/13/2022,1307,43,39,2022,R,congressional,congressional
FOX News,9/12/2022,1201,44,41,2022,R,congressional,congressional
NY Times/Siena,9/14/2022,1399,46,44,2022,R,congressional,congressional
Politico/Morning Consult,9/11/2022,2006,47,42,2022,R,congressional,congressional
Trafalgar Group (R),9/9/2022,1081,42,48,2022,R,congressional,congressional
Harvard-Harris,9/8/2022,1885,51,49,2022,R,congressional,congressional
Data for Progress (D)**,9/15/2022,4258,45,47,2022,R,congressional,congressional
Rasmussen Reports,9/8/2022,2500,42,46,2022,R,congressional,congressional
Economist/YouGov,9/6/2022,1337,44,38,2022,R,congressional,congressional
InsiderAdvantage,9/1/2022,500,45,44,2022,R,congressional,congressional
NPR/PBS/Marist,9/1/2022,1151,48,44,2022,R,congressional,congressional
Rasmussen Reports,9/1/2022,2500,42,47,2022,R,congressional,congressional
Trafalgar Group (R),8/30/2022,1084,41,47,2022,R,congressional,congressional
Economist/YouGov,8/30/2022,1342,46,38,2022,R,congressional,congressional
Quinnipiac,8/29/2022,1419,47,43,2022,R,congressional,congressional
Politico/Morning Consult,8/28/2022,2007,47,42,2022,R,congressional,congressional
CBS News Battleground Tracker,8/26/2022,1854,45,47,2022,R,congressional,congressional
Emerson,8/24/2022,1000,44,45,2022,R,congressional,congressional
Newsnation,8/23/2022,1028,42,45,2022,R,congressional,congressional
Rasmussen Reports,8/25/2022,2500,42,47,2022,R,congressional,congressional
Wall Street Journal,8/25/2022,1313,47,44,2022,R,congressional,congressional
Economist/YouGov,8/23/2022,1318,44,39,2022,R,congressional,congressional
Data for Progress (D)**,8/28/2022,8876,45,46,2022,R,congressional,congressional
Politico/Morning Consult,8/21/2022,2005,47,42,2022,R,congressional,congressional
Rasmussen Reports,8/18/2022,2500,41,46,2022,R,congressional,congressional
Trafalgar Group (R),8/16/2022,1091,42,47,2022,R,congressional,congressional
NBC News,8/16/2022,1000,45,47,2022,R,congressional,congressional
Politico/Morning Consult,8/14/2022,2005,46,42,2022,R,congressional,congressional
Economist/YouGov,8/16/2022,1315,45,39,2022,R,congressional,congressional
Rasmussen Reports,8/11/2022,2500,43,46,2022,R,congressional,congressional
Economist/YouGov,8/9/2022,1331,44,38,2022,R,congressional,congressional
FOX News,8/9/2022,1002,41,41,2022,R,congressional,congressional
Politico/Morning Consult,8/7/2022,2005,44,43,2022,R,congressional,congressional
Rasmussen Reports,8/4/2022,2500,43,46,2022,R,congressional,congressional
InsiderAdvantage,8/1/2022,800,44,45,2022,R,congressional,congressional
Economist/YouGov,8/2/2022,1325,44,39,2022,R,congressional,congressional
Monmouth,8/1/2022,751,49,46,2022,R,congressional,congressional
Politico/Morning Consult,7/31/2022,2006,45,43,2022,R,congressional,congressional
CBS News Battleground Tracker,7/29/2022,1537,43,45,2022,R,congressional,congressional
Harvard-Harris,7/28/2022,1885,50,50,2022,R,congressional,congressional
Rasmussen Reports,7/28/2022,2500,41,46,2022,R,congressional,congressional
Economist/YouGov,7/26/2022,1311,44,38,2022,R,congressional,congressional
USA Today/Suffolk,7/25/2022,1000,44,40,2022,R,congressional,congressional
Politico/Morning Consult,7/24/2022,2006,45,41,2022,R,congressional,congressional
Newsnation,7/24/2022,1000,44,43,2022,R,congressional,congressional
Trafalgar Group (R),7/22/2022,1085,40,48,2022,R,congressional,congressional
Emerson,7/20/2022,1078,44,45,2022,R,congressional,congressional
Data for Progress (D)**,7/25/2022,1353,45,48,2022,R,congressional,congressional
Rasmussen Reports,7/21/2022,2500,39,49,2022,R,congressional,congressional
GU Politics/Battleground,7/20/2022,800,48,46,2022,R,congressional,congressional
Economist/YouGov,7/19/2022,1278,43,40,2022,R,congressional,congressional
Quinnipiac,7/18/2022,1367,45,44,2022,R,congressional,congressional
Politico/Morning Consult,7/17/2022,2005,45,41,2022,R,congressional,congressional
Democracy Corps (D),7/16/2022,,48,51,2022,R,congressional,congressional
FOX News,7/13/2022,1001,41,44,2022,R,congressional,congressional
Rasmussen Reports,7/14/2022,2500,39,47,2022,R,congressional,congressional
Economist/YouGov,7/11/2022,1304,43,40,2022,R,congressional,congressional
Politico/Morning Consult,7/10/2022,2005,46,42,2022,R,congressional,congressional
CNBC,7/10/2022,,42,44,2022,R,congressional,congressional
NY Times/Siena,7/7/2022,,43,44,2022,R,congressional,congressional
InsiderAdvantage,7/6/2022,825,42,50,2022,R,congressional,congressional
Rasmussen Reports,7/7/2022,2000,40,48,2022,R,congressional,congressional
Economist/YouGov**,7/5/2022,1345,43,40,2022,R,congressional,congressional
Data for Progress (D)**,7/5/2022,1353,45,46,2022,R,congressional,congressional
CNN,7/13/2022,1203,46,46,2022,R,congressional,congressional
Monmouth,6/27/2022,910,46,48,2022,R,congressional,congressional
Harvard-Harris,6/29/2022,1308,50,50,2022,R,congressional,congressional
Emerson,6/29/2022,1271,43,46,2022,R,congressional,congressional
Rasmussen Reports,6/30/2022,2500,42,47,2022,R,congressional,congressional
Economist/YouGov,6/28/2022,1359,40,45,2022,R,congressional,congressional
Politico/Morning Consult,6/25/2022,2005,45,42,2022,R,congressional,congressional
NPR/PBS/Marist,6/25/2022,868,48,41,2022,R,congressional,congressional
Trafalgar Group (R),6/23/2022,1079,40,49,2022,R,congressional,congressional
Newsnation,6/21/2022,1006,43,43,2022,R,congressional,congressional
Rasmussen Reports,6/23/2022,2500,40,48,2022,R,congressional,congressional
Economist/YouGov,6/21/2022,1290,41,45,2022,R,congressional,congressional
Politico/Morning Consult,6/20/2022,2004,42,42,2022,R,congressional,congressional
Rasmussen Reports,6/16/2022,2500,41,46,2022,R,congressional,congressional
USA Today/Suffolk,6/15/2022,1000,40,40,2022,R,congressional,congressional
Economist/YouGov,6/14/2022,1304,42,46,2022,R,congressional,congressional
FOX News,6/13/2022,1002,44,47,2022,R,congressional,congressional
Politico/Morning Consult,6/12/2022,2005,44,42,2022,R,congressional,congressional
Democracy Corps (D),6/12/2022,,46,51,2022,R,congressional,congressional
Rasmussen Reports,6/9/2022,2500,39,48,2022,R,congressional,congressional
Economist/YouGov,6/7/2022,1314,43,45,2022,R,congressional,congressional
Quinnipiac,6/6/2022,1413,41,46,2022,R,congressional,congressional
Politico/Morning Consult,6/5/2022,2006,42,42,2022,R,congressional,congressional
Rasmussen Reports,6/2/2022,2500,40,48,2022,R,congressional,congressional
Economist/YouGov,5/31/2022,1280,43,43,2022,R,congressional,congressional
Rasmussen Reports,5/26/2022,2500,41,47,2022,R,congressional,congressional
Emerson,5/25/2022,1148,42,45,2022,R,congressional,congressional
Economist/YouGov,5/24/2022,1332,41,45,2022,R,congressional,congressional
Politico/Morning Consult,5/22/2022,2005,45,41,2022,R,congressional,congressional
Harvard-Harris,5/19/2022,1963,49,51,2022,R,congressional,congressional
Rasmussen Reports,5/19/2022,2500,39,48,2022,R,congressional,congressional
Economist/YouGov,5/17/2022,1342,43,40,2022,R,congressional,congressional
Politico/Morning Consult,5/16/2022,2005,44,42,2022,R,congressional,congressional
Quinnipiac,5/16/2022,1421,43,47,2022,R,congressional,congressional
NPR/PBS/Marist,5/13/2022,1213,47,42,2022,R,congressional,congressional
NBC News,5/10/2022,790,46,46,2022,R,congressional,congressional
Monmouth,5/9/2022,751,43,50,2022,R,congressional,congressional
Politico/Morning Consult,5/9/2022,2005,44,42,2022,R,congressional,congressional
Economist/YouGov,5/10/2022,1361,51,49,2022,R,congressional,congressional
CNN,5/5/2022,645,42,49,2022,R,congressional,congressional
Economist/YouGov,5/3/2022,1340,53,47,2022,R,congressional,congressional
CNN,5/1/2022,806,44,45,2022,R,congressional,congressional
FOX News,5/1/2022,1003,39,46,2022,R,congressional,congressional
Politico/Morning Consult,5/2/2022,2000,43,43,2022,R,congressional,congressional
Economist/YouGov,4/27/2022,1336,42,39,2022,R,congressional,congressional
ABC News/Wash Post,4/28/2022,907,46,45,2022,R,congressional,congressional
Emerson,4/26/2022,1000,41,47,2022,R,congressional,congressional
Federalist/Susquehanna,4/27/2022,800,39,49,2022,R,congressional,congressional
Politico/Morning Consult,4/25/2022,2004,43,42,2022,R,congressional,congressional
Quinnipiac,4/25/2022,1409,42,45,2022,R,congressional,congressional
Insider Advantage,4/23/2022,750,39,51,2022,R,congressional,congressional
NPR/PBS/Marist,4/26/2022,1162,44,47,2022,R,congressional,congressional
Harvard-Harris,4/21/2022,1966,50,50,2022,R,congressional,congressional
Trafalgar Group (R),4/20/2022,1077,39,48,2022,R,congressional,congressional
Economist/YouGov,4/19/2022,1260,43,38,2022,R,congressional,congressional
Politico/Morning Consult,4/17/2022,2005,43,42,2022,R,congressional,congressional
Rasmussen Reports,4/14/2022,2500,39,47,2022,R,congressional,congressional
Economist/YouGov,4/12/2022,1303,42,39,2022,R,congressional,congressional
Politico/Morning Consult,4/11/2022,2005,40,43,2022,R,congressional,congressional
Economist/YouGov,4/5/2022,1287,42,38,2022,R,congressional,congressional
Politico/Morning Consult,4/4/2022,2003,43,43,2022,R,congressional,congressional
Quinnipiac,4/4/2022,1280,43,47,2022,R,congressional,congressional
Economist/YouGov,3/29/2022,1313,41,39,2022,R,congressional,congressional
Politico/Morning Consult,3/27/2022,2006,42,41,2022,R,congressional,congressional
Harvard-Harris,3/24/2022,1990,47,53,2022,R,congressional,congressional
NBC News,3/22/2022,790,44,46,2022,R,congressional,congressional
Economist/YouGov,3/22/2022,1270,43,39,2022,R,congressional,congressional
FOX News,3/21/2022,1004,41,43,2022,R,congressional,congressional
Politico/Morning Consult,3/21/2022,2005,42,41,2022,R,congressional,congressional
Emerson,3/20/2022,1023,42,47,2022,R,congressional,congressional
Rasmussen Reports,3/17/2022,2500,39,50,2022,R,congressional,congressional
Politico/Morning Consult,3/14/2022,2005,42,43,2022,R,congressional,congressional
Monmouth,3/14/2022,746,46,46,2022,R,congressional,congressional
InsiderAdvantage,3/8/2022,750,40,48,2022,R,congressional,congressional
Economist/YouGov,3/8/2022,1227,44,39,2022,R,congressional,congressional
Politico/Morning Consult,3/6/2022,2005,43,41,2022,R,congressional,congressional
Wall Street Journal,3/7/2022,1500,41,46,2022,R,congressional,congressional
Economist/YouGov,3/1/2022,1205,42,38,2022,R,congressional,congressional
Politico/Morning Consult,2/27/2022,2004,42,41,2022,R,congressional,congressional
Harvard-Harris,2/24/2022,2026,49,51,2022,R,congressional,congressional
ABC News/Wash Post,2/24/2022,904,42,49,2022,R,congressional,congressional
Economist/YouGov,2/22/2022,1290,44,38,2022,R,congressional,congressional
FOX News,2/22/2022,1001,45,49,2022,R,congressional,congressional
Politico/Morning Consult,2/21/2022,2005,45,41,2022,R,congressional,congressional
Emerson,2/20/2022,1138,41,50,2022,R,congressional,congressional
USA Today/Suffolk,2/20/2022,1000,39,37,2022,R,congressional,congressional
Rasmussen Reports,2/17/2022,2500,37,50,2022,R,congressional,congressional
Economist/YouGov,2/15/2022,1231,42,37,2022,R,congressional,congressional
Politico/Morning Consult,2/13/2022,2005,41,43,2022,R,congressional,congressional
Quinnipiac,2/14/2022,1172,44,46,2022,R,congressional,congressional
Federalist/Susquehanna,2/9/2022,800,41,47,2022,R,congressional,congressional
Economist/YouGov,2/8/2022,1255,43,39,2022,R,congressional,congressional
Politico/Morning Consult,2/6/2022,2005,42,43,2022,R,congressional,congressional
Economist/YouGov,2/1/2022,1273,44,38,2022,R,congressional,congressional
Politico/Morning Consult,1/30/2022,2005,44,41,2022,R,congressional,congressional
CNN,2/6/2022,1257,43,44,2022,R,congressional,congressional
Monmouth,1/24/2022,735,43,51,2022,R,congressional,congressional
Insider Advantage,1/23/2022,850,42,49,2022,R,congressional,congressional
Economist/YouGov,1/25/2022,1249,42,38,2022,R,congressional,congressional
Politico/Morning Consult,1/23/2022,2005,42,42,2022,R,congressional,congressional
Harvard-Harris,1/20/2022,1815,47,53,2022,R,congressional,congressional
FOX News,1/19/2022,1001,43,44,2022,R,congressional,congressional
Economist/YouGov,1/18/2022,1153,43,39,2022,R,congressional,congressional
NBC News,1/18/2022,790,47,46,2022,R,congressional,congressional
Politico/Morning Consult,1/16/2022,2005,41,42,2022,R,congressional,congressional
Trafalgar Group (R),1/15/2022,1077,42,56,2022,R,congressional,congressional
Rasmussen Reports,1/13/2022,2500,39,48,2022,R,congressional,congressional
Economist/YouGov,1/11/2022,1258,42,37,2022,R,congressional,congressional
Quinnipiac,1/10/2022,1178,43,44,2022,R,congressional,congressional
Politico/Morning Consult,1/9/2022,2000,44,41,2022,R,congressional,congressional
Economist/YouGov,1/4/2022,1201,42,38,2022,R,congressional,congressional
USA Today/Suffolk,12/30/2021,1000,39,37,2022,R,congressional,congressional
Economist/YouGov,12/21/2021,1315,43,36,2022,R,congressional,congressional
Politico/Morning Consult,12/20/2021,1998,41,41,2022,R,congressional,congressional
CNBC/Change Research (D),12/20/2021,1895,45,44,2022,R,congressional,congressional
InsiderAdvantage,12/19/2021,750,43,48,2022,R,congressional,congressional
FOX News,12/14/2021,1002,39,43,2022,R,congressional,congressional
Rasmussen Reports,12/14/2021,2500,39,48,2022,R,congressional,congressional
Economist/YouGov,12/14/2021,1267,42,38,2022,R,congressional,congressional
Politico/Morning Consult,12/13/2021,1998,43,42,2022,R,congressional,congressional
CNBC,12/3/2021,800,34,44,2022,R,congressional,congressional
Economist/YouGov,12/7/2021,1265,42,39,2022,R,congressional,congressional
Politico/Morning Consult,12/6/2021,2000,44,41,2022,R,congressional,congressional
Harvard-Harris,12/2/2021,1989,50,50,2022,R,congressional,congressional
Economist/YouGov,11/30/2021,1272,42,37,2022,R,congressional,congressional
Economist/YouGov,11/23/2021,1249,40,40,2022,R,congressional,congressional
Wall Street Journal,11/22/2021,1500,41,44,2022,R,congressional,congressional
NPR/PBS/Marist,11/19/2021,969,46,41,2022,R,congressional,congressional
Economist/YouGov,11/16/2021,1299,42,38,2022,R,congressional,congressional
Politico/Morning Consult,11/15/2021,1998,43,43,2022,R,congressional,congressional
Quinnipiac,11/15/2021,1262,41,46,2022,R,congressional,congressional
Rasmussen Reports,11/11/2021,2500,38,51,2022,R,congressional,congressional
ABC News/Wash Post,11/10/2021,882,41,51,2022,R,congressional,congressional
Economist/YouGov,11/9/2021,1258,44,37,2022,R,congressional,congressional
Politico/Morning Consult,11/7/2021,1998,44,42,2022,R,congressional,congressional
USA Today/Suffolk,11/5/2021,1000,38,46,2022,R,congressional,congressional
Emerson,11/4/2021,1000,42,49,2022,R,congressional,congressional
CNN,11/4/2021,859,49,44,2022,R,congressional,congressional
Economist/YouGov,11/2/2021,1303,44,37,2022,R,congressional,congressional
Politico/Morning Consult,11/1/2021,1996,42,42,2022,R,congressional,congressional
Harvard-Harris,10/28/2021,1578,42,45,2022,R,congressional,congressional
Economist/YouGov,10/26/2021,1261,44,38,2022,R,congressional,congressional
NBC News,10/26/2021,820,47,45,2022,R,congressional,congressional
Politico/Morning Consult,10/24/2021,1999,44,42,2022,R,congressional,congressional
NPR/PBS/Marist,10/22/2021,1032,44,41,2022,R,congressional,congressional
Economist/YouGov,10/19/2021,1268,42,37,2022,R,congressional,congressional
Politico/Morning Consult,10/18/2021,1998,45,40,2022,R,congressional,congressional
CNBC,10/17/2021,800,43,41,2022,R,congressional,congressional
Economist/YouGov,10/12/2021,1266,45,37,2022,R,congressional,congressional
Politico/Morning Consult,10/11/2021,1999,43,41,2022,R,congressional,congressional
Economist/YouGov,10/5/2021,1261,43,36,2022,R,congressional,congressional
Politico/Morning Consult,10/4/2021,1998,43,42,2022,R,congressional,congressional
Quinnipiac,10/4/2021,1177,44,47,2022,R,congressional,congressional
Economist/YouGov,9/28/2021,1246,52,48,2022,R,congressional,congressional
Politico/Morning Consult,9/27/2021,1999,45,41,2022,R,congressional,congressional
NPR/PBS/Marist,9/26/2021,1029,46,38,2022,R,congressional,congressional
Economist/YouGov,9/21/2021,1281,52,48,2022,R,congressional,congressional
Politico/Morning Consult,9/20/2021,1998,44,40,2022,R,congressional,congressional
Quinnipiac,9/13/2021,,47,43,2022,R,congressional,congressional
CNBC/Change Research (D),9/2/2021,,49,45,2022,R,congressional,congressional
CNN,9/7/2021,1838,45,44,2022,R,congressional,congressional
NBC News,8/17/2021,790,47,46,2022,R,congressional,congressional
Federalist/Susquehanna**,8/18/2021,800,38,39,2022,R,congressional,congressional
Quinnipiac,8/2/2021,,45,44,2022,R,congressional,congressional
Democracy Corps (D),6/21/2021,2000,46,44,2022,R,congressional,congressional
Quinnipiac,5/24/2021,1316,49,40,2022,R,congressional,congressional
NBC News,4/20/2021,790,47,42,2022,R,congressional,congressional
Democracy Corps (D),2/23/2021,1000,48,42,2022,R,congressional,congressional
